"","p_val","avg_log2FC","pct.1","pct.2","p_val_adj"
"KRT5",0,1.76006279593096,0.998,0.887,0
"VIM",2.15023404181074e-289,-1.05397666532435,0.844,0.995,3.4913350136881e-285
"HLA-DPB1",2.69042408793899e-288,-1.04375859865303,0.782,0.992,4.36844159158654e-284
"KRT14",9.22753931660056e-288,2.02775973032617,0.983,0.657,1.49827555883643e-283
"HLA-DRA",6.2905832375847e-282,-1.04473900965571,0.863,0.997,1.02140200028663e-277
"HLA-DPA1",2.61873920517171e-272,-1.03878173810608,0.637,0.982,4.2520468474373e-268
"CD74",7.60870647619877e-251,-1.0487113526133,0.934,0.999,1.23542567054039e-246
"TMSB4X",2.40448480894979e-246,-1.03434682208521,0.991,0.999,3.90416198429177e-242
"CYBA",4.52315033881318e-245,-1.00310966628124,0.478,0.915,7.34423920513097e-241
"IL32",2.23477626337057e-236,-1.06550281785077,0.495,0.924,3.62860621883479e-232
"PKP1",1.05593030153139e-229,1.18274018835905,0.762,0.25,1.71451403059652e-225
"S100A14",1.43694111706478e-229,1.45032399484644,0.733,0.237,2.33316129177809e-225
"DSP",3.46397507707762e-228,1.1882012203203,0.755,0.24,5.62445633265093e-224
"HLA-DQA1",9.24112956474799e-226,-0.986079517261099,0.509,0.938,1.50048220742813e-221
"DSG1",2.03939633882909e-224,1.12565286453059,0.776,0.277,3.31136783535679e-220
"TRIM29",9.61631758203676e-221,1.21430949856,0.752,0.24,1.56140148579531e-216
"COTL1",8.38438001058056e-220,-0.984465733628958,0.491,0.921,1.36137178231797e-215
"FGL2",7.24328721897787e-216,-0.851271090789682,0.418,0.899,1.17609254574544e-211
"CTSZ",3.13835759978762e-215,-1.04902627637843,0.49,0.922,5.09575123477516e-211
"JUP",2.9259186197331e-202,1.10404033184342,0.65,0.168,4.75081406286064e-198
"LAPTM5",5.25629996515308e-199,-0.995590741590721,0.491,0.902,8.53465425341906e-195
"KRTDAP",6.52732053888676e-199,1.27374268620861,0.832,0.393,1.05984103589904e-194
"TIMP1",2.25629243616328e-194,-1.05308107022815,0.397,0.87,3.66354202859831e-190
"SDC1",7.06957870367559e-193,1.08556389472916,0.54,0.099,1.14788749411581e-188
"LYPD3",1.23886021549253e-192,1.32196506365613,0.632,0.173,2.01153733189522e-188
"B2M",1.2526491308504e-188,-0.769700136843119,0.991,1,2.0339263937618e-184
"CD63",3.26577471174533e-184,-0.819686870035926,0.584,0.912,5.30263839946089e-180
"FTL",6.99476966051113e-182,-1.24442214069598,0.72,0.973,1.13574074977719e-177
"CTSB",1.48581790011191e-179,-1.13730889178741,0.641,0.93,2.41252252441171e-175
"HLA-DMB",2.80452064265614e-178,-0.73186198844197,0.317,0.799,4.55370016748077e-174
"CALML5",5.58150529097007e-178,1.15936957668019,0.741,0.293,9.06269014094811e-174
"SOD2",1.17735608387818e-176,-1.15836528387932,0.593,0.913,1.911673073393e-172
"CXCL9",1.47485924294501e-176,-1.33549966172917,0.58,0.91,2.3947289527698e-172
"ACTB",5.57895393712524e-174,-0.767810133575854,0.992,1,9.05854750771025e-170
"LIMD2",8.75219938811608e-173,-0.799286316131833,0.327,0.786,1.42109461464841e-168
"WIPF1",9.31681579990523e-171,-0.739513343013978,0.33,0.797,1.51277138143061e-166
"GJB2",2.24676872887724e-170,1.45139562762858,0.59,0.166,3.64807838507797e-166
"TACSTD2",3.54749812042928e-167,0.868742029861735,0.518,0.113,5.76007269814102e-163
"LSP1",2.52635527807482e-166,-0.767077032029852,0.678,0.957,4.10204306501008e-162
"SBSN",2.538102844639e-165,1.00723273053341,0.623,0.197,4.12111758884034e-161
"IVL",5.0402837291407e-164,1.30982859280453,0.521,0.119,8.18390869100575e-160
"LCP1",7.57265535699332e-164,-0.734256227407975,0.381,0.825,1.22957205031501e-159
"C1QB",1.181811420126e-163,-0.934865136231877,0.332,0.788,1.91890720285859e-159
"IFI30",1.71255329206781e-162,-1.04810797458492,0.501,0.866,2.7806727803305e-158
"S100A2",2.37312490696172e-161,2.2985546170153,0.735,0.345,3.85324291143375e-157
"KRT6B",2.9295754785465e-161,1.93501807494125,0.698,0.298,4.75675170451596e-157
"CORO1A",2.83787582468471e-159,-0.844923875887982,0.543,0.924,4.60785897654057e-155
"PSAP",3.07751258312544e-156,-0.861630574917637,0.869,0.992,4.99695718122078e-152
"JAK3",8.21292260194548e-156,-0.692130662311172,0.285,0.736,1.33353224287789e-151
"VOPP1",1.45208919863609e-155,-0.640839196018292,0.221,0.689,2.35775723182543e-151
"IL2RG",1.57356519050851e-155,-0.684344516378775,0.297,0.747,2.55499779982867e-151
"PERP",8.13705677525757e-155,1.1607517673353,0.67,0.256,1.32121390859857e-150
"CTSH",2.1651715423317e-153,-0.718678855145889,0.306,0.748,3.51558903328399e-149
"SRGN",2.40563799319692e-152,-0.682954803190911,0.33,0.775,3.90603440955383e-148
"EMP3",8.86688681022066e-152,-0.59940247247399,0.241,0.71,1.43971641137553e-147
"CNFN",1.96818929009807e-151,1.15363990563398,0.5,0.119,3.19574895033224e-147
"EVPL",1.58486691127307e-150,0.621070008894649,0.441,0.077,2.57334840383408e-146
"GNAI2",1.26647165480687e-149,-0.608207447441272,0.338,0.784,2.05637002590992e-145
"ARPC1B",1.89283610101102e-149,-0.653506508245204,0.546,0.907,3.07339797721159e-145
"RAC2",6.88834511266727e-148,-0.644640184489916,0.273,0.718,1.11846059594378e-143
"COL17A1",1.11972617575407e-147,0.948740417841248,0.546,0.152,1.81809939157188e-143
"HLA-E",1.15762419523121e-147,-0.585719136765081,0.9,0.988,1.87963440579691e-143
"ITGB2",2.10878180392898e-147,-0.75828510709011,0.332,0.773,3.42402901503949e-143
"KLK7",5.02443956498294e-147,0.77914853035028,0.478,0.105,8.1581825216628e-143
"TRBC2",4.92272080602576e-144,-0.73439242283962,0.159,0.604,7.99302177274403e-140
"FTH1",1.87567291071011e-142,-1.03612338689558,0.559,0.879,3.04553010512e-138
"CDSN",3.64721385244036e-142,0.652778868621987,0.429,0.078,5.92198113220742e-138
"EFHD2",3.11263237587339e-141,-0.598633525390476,0.491,0.865,5.05398118870563e-137
"HSPB1",5.6800106356672e-141,0.943963968852613,0.852,0.608,9.22263326913283e-137
"CCL5",1.19035262869019e-139,-0.689903781721435,0.21,0.65,1.93277556320425e-135
"CTSS",3.3863727354409e-139,-0.819470996738775,0.377,0.786,5.49845341053539e-135
"SQSTM1",1.71417548662081e-138,-0.624813323633646,0.691,0.941,2.78330673762621e-134
"CST3",4.90306294375159e-138,-0.934472675397356,0.667,0.925,7.96110330176946e-134
"FCER1G",8.14634005411953e-138,-0.764376333865323,0.389,0.794,1.32272123458739e-133
"KRT10",9.07362631348659e-138,1.14739508268272,0.978,0.858,1.47328470452082e-133
"IKZF1",9.39535135085477e-138,-0.635707967122903,0.274,0.707,1.52552319883829e-133
"LTB",2.53833916875294e-134,-0.728650238014037,0.374,0.778,4.12150130830415e-130
"S100A16",4.03762926717681e-134,0.803020486040809,0.49,0.128,6.55589864111498e-130
"ARHGAP45",4.2051666432521e-134,-0.618837014006301,0.237,0.665,6.82792907864843e-130
"AQP3",1.02812844352813e-133,1.21346652473731,0.554,0.181,1.66937215375663e-129
"RASSF4",6.56011860894033e-132,-0.625054618429062,0.231,0.663,1.06516645853364e-127
"PKP3",2.86522444901921e-131,0.687828729812152,0.409,0.078,4.65226493787249e-127
"CIITA",1.17679807620342e-130,-0.558694876508152,0.336,0.77,1.91076703633149e-126
"UBD",3.63112068672695e-130,-0.739722257522156,0.192,0.612,5.89585065903855e-126
"GBP5",4.70052241569475e-130,-0.878940779608836,0.526,0.876,7.63223824636357e-126
"GJA1",8.69981983085078e-130,0.65712192914291,0.497,0.138,1.41258974593524e-125
"LAP3",4.12842406557469e-129,-0.629056735220069,0.502,0.862,6.70332215527362e-125
"KRT16",7.59605356027551e-128,2.13120763191761,0.797,0.644,1.23337121658194e-123
"PPL",2.83156101758862e-127,0.550005841180754,0.391,0.07,4.59760562425864e-123
"HCLS1",6.91010645174707e-126,-0.52203648115415,0.235,0.664,1.12199398457017e-121
"IRF8",3.73809641826526e-125,-0.621195226809223,0.237,0.654,6.06954715433731e-121
"FABP5",1.18755033249542e-123,1.31804826764852,0.681,0.339,1.92822547487281e-119
"PLEK",2.60328357753576e-123,-0.569598873203058,0.194,0.609,4.22695154484481e-119
"SPINK5",4.5611912428327e-123,0.683146504820217,0.407,0.085,7.40600622098746e-119
"TRBC1",3.22260024590963e-122,-0.621423618498308,0.204,0.616,5.23253601928347e-118
"EHBP1L1",5.06038433605101e-122,-0.534025816299703,0.397,0.774,8.21654604644603e-118
"MPEG1",1.02090754500293e-121,-0.558153425932876,0.248,0.666,1.65764758082126e-117
"CRABP2",2.06699840424517e-120,0.762052967014552,0.498,0.151,3.35618530897288e-116
"DSC2",8.02840419079173e-119,0.85496961067542,0.367,0.067,1.30357198845885e-114
"GLUL",5.7958227653316e-118,-0.784746413336612,0.365,0.718,9.41067742406891e-114
"CLTB",1.37078654887076e-116,0.72697551636501,0.645,0.307,2.22574611940146e-112
"C19orf33",1.25469264633756e-114,0.522862325349723,0.307,0.039,2.03724444985829e-110
"DSC3",2.30673749023347e-114,0.562830212410826,0.449,0.12,3.74544966289209e-110
"ANXA5",3.04234512106483e-114,-0.574440969240568,0.345,0.729,4.93985577307297e-110
"LYZ",5.03026623427004e-114,-0.977394807123541,0.751,0.983,8.16764328458426e-110
"C1QC",9.44824983493989e-114,-0.69293416597162,0.449,0.802,1.53411232569919e-109
"SPI1",2.38184494320747e-113,-0.512681379994178,0.3,0.699,3.86740163428598e-109
"FN1",5.45487194842709e-113,-1.054466266985,0.554,0.842,8.85707558266106e-109
"SLAMF7",8.93116601738812e-113,-0.661153299300092,0.157,0.543,1.45015342624331e-108
"PTPN6",9.97006024020445e-113,-0.500807818140555,0.18,0.578,1.618838681202e-108
"CD37",2.64664704922319e-112,-0.523504301049298,0.188,0.583,4.29736081382369e-108
"DMKN",4.50796057276431e-112,0.602454330727302,0.433,0.11,7.31957558199741e-108
"GLTP",1.15421992973926e-111,0.625494642924346,0.46,0.134,1.87410689991763e-107
"MAN2B1",1.75087934459759e-111,-0.487283522577842,0.242,0.641,2.84290279182311e-107
"S100A4",2.33650618522314e-111,-0.557511188761648,0.483,0.838,3.79378509294681e-107
"FYB1",2.40047211312588e-111,-0.561841265978512,0.167,0.553,3.89764657008249e-107
"CTNNBIP1",2.5332627262769e-111,0.54807418518877,0.486,0.15,4.11325868865579e-107
"ARHGDIB",3.77548796459929e-111,-0.544611768780324,0.316,0.696,6.13025980811987e-107
"MMP9",5.15865240617774e-111,-0.891733545026099,0.439,0.774,8.3761039119108e-107
"CLDN4",3.17235798845523e-110,0.541798885820387,0.265,0.024,5.15095766585475e-106
"ZNF750",4.329593725474e-110,0.370076822962698,0.254,0.02,7.02996133205213e-106
"SERPINB5",7.65442813226472e-110,0.525028955641602,0.29,0.035,1.24284949583582e-105
"TRAC",1.06390867735086e-109,-0.58835512202075,0.17,0.554,1.72746851941459e-105
"NECTIN1",1.19979793818555e-107,0.470959875063698,0.363,0.073,1.94811191223187e-103
"LCP2",1.3788973260667e-107,-0.483291356929059,0.162,0.547,2.2389155883345e-103
"CASP14",7.55829753789207e-107,0.653559827603376,0.542,0.204,1.22724077122753e-102
"HLA-DMA",1.17322125181237e-106,-0.475118342874155,0.386,0.777,1.90495934656775e-102
"CRCT1",1.21858093741071e-106,0.56340192210463,0.292,0.039,1.97860986807378e-102
"STK17B",1.52800606052146e-106,-0.567478180273326,0.328,0.708,2.4810234404687e-102
"PLEKHO1",1.67883977854889e-106,-0.478809122589298,0.242,0.632,2.72593214842984e-102
"SDCBP",5.57515060727711e-105,-0.544619776553192,0.312,0.687,9.05237204103584e-101
"HLA-F",1.09011731215076e-104,-0.480713191446434,0.436,0.799,1.77002347973918e-100
"KRT1",1.20794251460636e-104,0.911360060831063,0.912,0.662,1.96133626096635e-100
"KCNAB2",1.8620749192449e-104,-0.452980467265806,0.084,0.449,3.02345104637794e-100
"SPOCK2",4.31430906859195e-104,-0.548179889568152,0.21,0.585,7.00514363467276e-100
"ZYX",1.97901062125425e-103,-0.476333707654001,0.381,0.752,3.21331954573053e-99
"DSC1",7.81126499511676e-103,0.482707815849231,0.36,0.077,1.26831509725711e-98
"CD4",9.88074242356898e-103,-0.455745588156182,0.209,0.592,1.6043361473149e-98
"IRF1",1.65692235668481e-102,-0.498077765715136,0.56,0.877,2.69034483054913e-98
"KLK10",1.85832350741963e-102,0.503245991378718,0.265,0.03,3.01735987899725e-98
"ARL6IP5",3.85856183689914e-101,-0.472441877028495,0.271,0.648,6.26514685457313e-97
"CLDN1",5.01082682790068e-101,0.516714636960627,0.339,0.067,8.13607952046234e-97
"ARHGAP9",1.19594805805534e-100,-0.492749890662513,0.198,0.571,1.94186086186445e-96
"STAT1",5.46110980415028e-100,-0.553402287625061,0.42,0.76,8.86720398899881e-96
"NFKBIA",1.6086829039407e-99,-0.546284488454029,0.259,0.618,2.61201843112852e-95
"IL4I1",1.64887563776712e-99,-0.523281648394525,0.145,0.511,2.67727937304248e-95
"SEPTIN1",6.63749950727359e-99,-0.517502057449755,0.195,0.563,1.07773079499601e-94
"GBP2",8.49141966171639e-99,-0.515321930559947,0.369,0.733,1.37875181047289e-94
"SULT2B1",2.97227270638303e-98,0.50079289925531,0.241,0.023,4.82607919335413e-94
"MCL1",2.06397994389607e-97,-0.474590736600569,0.491,0.817,3.35128423490406e-93
"KLF5",2.08190580574357e-97,0.415746677432948,0.338,0.069,3.38039045678584e-93
"SMAP2",5.72019750512087e-97,-0.45966641414602,0.216,0.584,9.28788468906476e-93
"CCL19",6.12999429881909e-97,-1.03488028600699,0.229,0.565,9.95327174299256e-93
"KRT80",7.98711861698485e-97,0.40902598244729,0.28,0.041,1.29686844983983e-92
"LAD1",8.51677543300754e-97,0.519409657942019,0.378,0.093,1.38286882705743e-92
"PFN1",5.58680933780082e-96,-0.514395521804291,0.95,0.997,9.07130232178719e-92
"MYO1F",1.24719259791245e-95,-0.430762488614097,0.125,0.484,2.02506662123045e-91
"CDH3",1.29333324049076e-95,0.523365906418958,0.265,0.036,2.09998518258485e-91
"RAB25",1.6027115330036e-95,0.36593825394542,0.27,0.036,2.60232271613794e-91
"GMFG",1.72018481740768e-95,-0.433052887049424,0.16,0.522,2.79306408802485e-91
"AKNA",1.82752730570821e-95,-0.491956535519357,0.192,0.553,2.96735608627842e-91
"FMNL1",2.63094915569575e-95,-0.453916669866503,0.112,0.463,4.27187214410318e-91
"ANXA6",6.81004281092504e-95,-0.48382689364967,0.214,0.578,1.1057466512099e-90
"TNFAIP2",1.11034522853384e-93,-0.506969934343485,0.266,0.624,1.8028675475704e-89
"PSMB10",1.89568414355812e-93,-0.435331323213482,0.32,0.688,3.07802234389532e-89
"LY6D",1.73649557992339e-92,0.805214489439753,0.353,0.086,2.8195478731216e-88
"DSG3",3.84101257805544e-92,0.492576104531035,0.224,0.02,6.23665212298861e-88
"CD40",8.34565298497334e-92,-0.512602714437703,0.192,0.537,1.35508367517012e-87
"CLCA2",8.91696597719909e-92,0.338749688957169,0.241,0.027,1.44784776571782e-87
"GNAS",9.38922455799954e-92,-0.507608757335698,0.427,0.744,1.52452839148239e-87
"TCIRG1",3.76686213708851e-91,-0.440748954852529,0.321,0.686,6.11625405199061e-87
"ICAM1",4.08754470537043e-91,-0.550167607542123,0.406,0.749,6.63694633810997e-87
"TP63",5.37553294891681e-91,0.358948412354761,0.306,0.057,8.72825284915623e-87
"OAZ1",1.13092212959512e-90,-0.470481065797353,0.715,0.906,1.8362782618236e-86
"ASPRV1",1.19562064473315e-90,0.591762176559865,0.424,0.134,1.94132924085322e-86
"S100A7",1.90687316995023e-90,1.28656813758405,0.587,0.304,3.09618996604819e-86
"CD53",1.24509773053011e-89,-0.454963427637762,0.125,0.463,2.02166518506174e-85
"AIF1",1.65158611608366e-89,-0.426968008150645,0.166,0.515,2.68168037668505e-85
"CD52",1.871199954703e-89,-0.466518925528947,0.149,0.493,3.03826736645126e-85
"NPC2",3.48146103369314e-89,-0.436709051120624,0.258,0.614,5.65284828040755e-85
"LITAF",3.92552801927065e-89,-0.557619282321471,0.248,0.582,6.37387984488975e-85
"NCKAP1L",4.51624511503091e-89,-0.412673050423381,0.089,0.421,7.3330271932757e-85
"S100A8",9.33858578950025e-89,1.84314822026777,0.786,0.739,1.51630617464116e-84
"CDH1",9.94393010373489e-89,0.374502520504475,0.255,0.036,1.61459593094343e-84
"SERPING1",1.07198995970463e-88,-0.489902884144777,0.356,0.708,1.7405900975724e-84
"TBC1D10C",2.02319754591898e-88,-0.456961910753432,0.108,0.439,3.28506585530865e-84
"ABI3BP",1.0639985142325e-87,-0.475762300265836,0.098,0.425,1.72761438755931e-83
"KRT2",1.3016520937121e-87,1.13113604337586,0.801,0.555,2.11349250456033e-83
"GRHL1",2.63488614219239e-87,0.293433719619328,0.229,0.025,4.27826462907779e-83
"CAPG",3.29245444203049e-87,-0.681145954800096,0.609,0.802,5.34595827752491e-83
"KLK8",4.03571831248519e-87,0.318559367834527,0.241,0.031,6.5527958239822e-83
"DDR1",4.68046153213345e-87,0.33545231769373,0.284,0.05,7.59966538972508e-83
"TUBA4A",7.05708608080557e-87,0.877020486352475,0.654,0.388,1.1458590669404e-82
"RNASET2",7.94679152114255e-87,-0.424852794093868,0.166,0.512,1.29032053928791e-82
"DST",1.15239203760726e-86,0.390471957655552,0.34,0.081,1.87113895146291e-82
"ITGAX",1.22060358359066e-86,-0.488294084798675,0.198,0.54,1.98189403867615e-82
"TMEM176B",1.47757390892387e-86,-0.448063982793212,0.12,0.452,2.39913675591969e-82
"SPRR2D",3.84177801820185e-86,0.477501567281068,0.264,0.042,6.23789496815434e-82
"CSF2RB",4.5370830134406e-86,-0.466894901280503,0.154,0.488,7.3668616889235e-82
"SNX20",5.4391218813436e-86,-0.410041585230746,0.162,0.503,8.8315021987376e-82
"CLU",7.31554715845224e-86,-0.583536831932377,0.488,0.793,1.18782539211789e-81
"GRHL3",1.02435707726162e-85,0.302507840970873,0.204,0.016,1.66324858634969e-81
"CD14",1.34093715416618e-85,-0.525115271478393,0.15,0.478,2.17727965721962e-81
"TGFB1",1.98327986804055e-85,-0.408243375993833,0.206,0.556,3.22025152173745e-81
"PPP1R14C",3.92779201195252e-85,0.308059433918096,0.249,0.035,6.37755588980731e-81
"PLAAT4",4.09306346197369e-85,-0.427260525022975,0.229,0.577,6.64590714320668e-81
"SERPINB13",5.07115295029092e-85,0.349524103205338,0.223,0.025,8.23403104538736e-81
"MT2A",5.49796963618868e-85,-0.660053892763236,0.564,0.807,8.92705329827956e-81
"CLEC2D",7.28122636857789e-85,-0.458794560207787,0.153,0.486,1.18225272546599e-80
"SPRR2A",8.03124894843739e-85,0.941242886529624,0.311,0.07,1.30403389175778e-80
"CYTH1",1.05610439485225e-84,-0.412277248293788,0.229,0.576,1.7147967059216e-80
"SKAP1",2.47796584524567e-84,-0.473234914986461,0.208,0.544,4.02347314292539e-80
"PTPRC",4.74637302232756e-84,-0.467369358353471,0.175,0.51,7.70668587635326e-80
"IL7R",1.08549186363787e-83,-0.465285196953191,0.111,0.433,1.76251313898881e-79
"TAPBP",5.76696940339251e-83,-0.438223817463077,0.569,0.86,9.36382822028842e-79
"ALDH3B2",7.1340586815797e-83,0.281515246989442,0.217,0.023,1.1583571081281e-78
"FAM83H",7.43491656644279e-83,0.41159255961381,0.263,0.045,1.20720740289332e-78
"SLPI",1.67332423793838e-82,0.588383012651621,0.24,0.034,2.71697656514055e-78
"SELPLG",3.36026076819702e-82,-0.400136351382651,0.114,0.436,5.4560554093215e-78
"TUBB2A",1.12324986090248e-81,0.408980513130565,0.235,0.033,1.82382079914735e-77
"ITGA6",1.1967513365729e-81,0.458410079915091,0.242,0.036,1.94316514519342e-77
"LGALSL",1.80325435238286e-81,0.344584884768454,0.265,0.047,2.92794409196406e-77
"TYROBP",1.80840752931389e-81,-0.500672441555362,0.429,0.742,2.93631130534697e-77
"UCP2",5.64293928536447e-81,-0.398138370912393,0.104,0.419,9.16244051764629e-77
"GJB6",2.67150275308552e-80,0.312208817208412,0.185,0.013,4.33771902018495e-76
"CD68",1.29075168924627e-79,-0.490294213332046,0.132,0.444,2.09579351782917e-75
"MMP2",1.59816844216241e-79,-0.919905031419914,0.429,0.693,2.5949460995391e-75
"CITED4",2.16535005572192e-79,0.360250739927965,0.235,0.034,3.51587888547568e-75
"CSK",5.86259100204869e-79,-0.407822429410306,0.176,0.501,9.51908901002645e-75
"TMEM40",5.87717429330494e-79,0.302708529027479,0.188,0.015,9.54276790003922e-75
"CSTA",1.24057938868921e-78,0.440433667687103,0.258,0.046,2.01432875341467e-74
"ARHGEF1",2.11488624835863e-78,-0.524649532534478,0.406,0.707,3.43394080145991e-74
"PREX1",2.43977807998458e-78,-0.39228473699504,0.168,0.494,3.96146766847096e-74
"CDC42SE2",2.53185015377451e-78,-0.410522667119917,0.231,0.558,4.11096509468368e-74
"CYBB",4.08549345815269e-78,-0.516472501871486,0.34,0.655,6.63361572800253e-74
"IGFLR1",4.44122196008797e-78,-0.386634301134623,0.162,0.483,7.21121209659483e-74
"LCE3D",1.57736971971109e-77,0.47831626373119,0.294,0.066,2.5611752138949e-73
"CCL18",4.11573992450696e-77,-0.683217441595243,0.416,0.709,6.68272691542196e-73
"FLG",4.79606550418594e-77,0.710788824085356,0.607,0.316,7.78737155914672e-73
"GIMAP5",4.8325994197949e-77,-0.426500687983982,0.165,0.481,7.84669167792098e-73
"C1S",6.93926942041601e-77,-0.452613993990645,0.46,0.76,1.12672917579295e-72
"ITGB4",1.58209514787777e-76,0.44606210715911,0.292,0.066,2.56884789160913e-72
"CD3D",1.75932970654293e-76,-0.41163832967075,0.144,0.458,2.85662364451375e-72
"CRIP1",2.9819177440792e-76,-0.463492565741149,0.419,0.742,4.8417398410614e-72
"SPINT2",3.34493374028547e-76,0.506711376559546,0.462,0.19,5.43116891410152e-72
"IFFO2",9.51024710123115e-76,0.386076433467433,0.267,0.054,1.5441788218269e-71
"DEFB1",1.28282171929242e-75,0.270750934633444,0.188,0.017,2.0829176256151e-71
"LRCH4",1.95593096192127e-75,-0.411351468797728,0.228,0.548,3.17584510287157e-71
"HNRNPA2B1",6.74442370126892e-75,-0.432185996976711,0.708,0.909,1.09509207637503e-70
"KLK6",2.29469416797277e-74,0.378608095241889,0.191,0.019,3.72589492053739e-70
"MPZL2",2.92510016948626e-74,0.313495276958837,0.224,0.034,4.74948514519484e-70
"TNFRSF1B",7.34536554187295e-74,-0.37096003918828,0.129,0.434,1.19266700303391e-69
"GBP1",1.23251083531231e-73,-0.537212007117619,0.527,0.778,2.0012278432966e-69
"S100A9",1.75415177251784e-73,1.79576780702235,0.784,0.821,2.84821623303722e-69
"PROM2",2.08311147714276e-73,0.285531482488633,0.234,0.038,3.38234810543671e-69
"PDZK1IP1",2.70119537379382e-73,0.310597328128607,0.222,0.033,4.38593092842902e-69
"ARHGAP4",3.17256588225993e-73,-0.382121949113751,0.113,0.411,5.15129522302545e-69
"FAM83G",3.40118695844202e-73,0.316112723733835,0.231,0.038,5.5225072644223e-69
"EPPK1",3.93328333778752e-73,0.301846485042053,0.239,0.041,6.3864721555656e-69
"EPS8L2",5.95061277927933e-73,0.275657050706458,0.192,0.021,9.66200996971584e-69
"ITGA3",7.92272159030211e-73,0.354223378690308,0.249,0.047,1.28641230461735e-68
"TGM1",1.12437632727826e-72,0.353972680522193,0.171,0.013,1.8256498426017e-68
"DDX17",1.71557373715918e-72,-0.465364055381473,0.57,0.815,2.78557707702536e-68
"KLK5",3.15535843404873e-72,0.279967634511811,0.203,0.026,5.12335548936493e-68
"MYO1G",4.89735232963032e-72,-0.361910516880374,0.122,0.422,7.95183097762076e-68
"IL2RB",1.04175077290412e-71,-0.386725351859307,0.107,0.4,1.69149072996442e-67
"BIRC3",1.47043011206291e-71,-0.458974697494444,0.128,0.421,2.38753737295654e-67
"GIPC1",2.55038218558306e-71,0.341382531959347,0.329,0.093,4.14105555473122e-67
"QKI",2.73391691587781e-71,-0.390774618354968,0.523,0.807,4.4390608963108e-67
"MAL2",3.69007310211296e-71,0.282325943236194,0.196,0.023,5.99157169590082e-67
"FGR",5.15618623304334e-71,-0.385502645028837,0.125,0.42,8.37209958659247e-67
"SLAMF8",8.04040790881069e-71,-0.404740569673042,0.176,0.478,1.30552103215359e-66
"KRT15",9.29218908042597e-71,0.638076434200339,0.369,0.124,1.50877274098877e-66
"HIST1H1E",9.85991234728452e-71,-0.453558575539682,0.679,0.903,1.60095396782859e-66
"GLIPR2",4.57800965854537e-70,-0.361703576994755,0.152,0.455,7.43331428258012e-66
"FNBP1",2.41266937556759e-69,-0.382024060054418,0.308,0.617,3.91745126510909e-65
"GRAMD1A",3.1281422050939e-69,-0.354897251838523,0.122,0.414,5.07916449841096e-65
"LGALS1",9.03264777667291e-69,-0.377223092353681,0.238,0.553,1.46663101949838e-64
"TNS4",1.02514724653737e-68,0.293277291944068,0.21,0.031,1.66453158420273e-64
"TMEM45A",1.21486907904758e-68,0.303408524308752,0.221,0.037,1.97258292364955e-64
"LYPD5",4.40879019925762e-68,0.289806620620833,0.174,0.017,7.1585526465346e-64
"SUN2",1.3155306084769e-67,-0.396594100710509,0.227,0.528,2.13602704898395e-63
"PEA15",1.40968584678214e-67,-0.35461336846399,0.329,0.641,2.28890690942016e-63
"LCK",1.71694012314518e-67,-0.34330243082588,0.061,0.325,2.78779567795083e-63
"PLA2G4F",1.83862910913507e-67,0.267368389882417,0.223,0.038,2.98538208450261e-63
"CD99",2.21578516745154e-67,-0.372384861913398,0.436,0.74,3.59777037639107e-63
"ACAP1",3.45273711583421e-67,-0.365529420665546,0.157,0.451,5.60620925498001e-63
"LPXN",4.27124161307491e-67,-0.327627444137552,0.063,0.327,6.93521500714973e-63
"PSTPIP1",5.34954841753532e-67,-0.361540489041337,0.136,0.424,8.6860617655521e-63
"ABCA12",5.68855350603626e-67,0.266385820740896,0.195,0.026,9.23650432775107e-63
"CD81",1.0820574056773e-66,-0.390418465739785,0.443,0.728,1.75693660959823e-62
"ZNF185",1.23607949801069e-66,0.270393608091194,0.158,0.012,2.00702228091996e-62
"SLA",1.6878500523437e-66,-0.347492697504159,0.137,0.426,2.74056212999047e-62
"ACTR3",1.7029052301425e-66,-0.36518398373653,0.5,0.776,2.76500722218237e-62
"COL7A1",2.26147350876522e-66,0.318258111772772,0.286,0.072,3.67195453618208e-62
"SPRR1B",3.546886492829e-66,0.317339021691627,0.157,0.012,5.75907959840644e-62
"TMEM54",3.68747288031053e-66,0.29302419110398,0.184,0.023,5.9873497157602e-62
"PSMB9",5.15777561795092e-66,-0.34652235985145,0.242,0.55,8.3746802708669e-62
"ANXA3",6.86805863300453e-66,0.276145449104178,0.141,0.007,1.11516668024095e-61
"HOPX",7.01414018620751e-66,0.47444049598481,0.456,0.198,1.13888594203451e-61
"TRAF1",9.11800302516374e-66,-0.403897896917682,0.148,0.432,1.48049015119584e-61
"GZMA",1.26729156230661e-65,-0.363150132635821,0.08,0.347,2.05770130971725e-61
"FXYD5",1.61171543888756e-65,-0.391002823405926,0.216,0.508,2.61694235812173e-61
"PTPRE",1.83909774395962e-65,-0.359562989028315,0.229,0.532,2.98614300686723e-61
"PTPN1",2.48552242828162e-65,-0.37642487666989,0.227,0.522,4.03574276680087e-61
"BRI3",2.6635500816209e-65,-0.425064449443578,0.21,0.498,4.32480626752786e-61
"PLD3",3.00556897586489e-65,-0.469217166392273,0.353,0.625,4.88014234611183e-61
"ADGRE5",8.40944540047566e-65,-0.343986245958079,0.137,0.424,1.36544164967523e-60
"SEPTIN6",9.83642346490921e-65,-0.351700577117471,0.11,0.386,1.59714007799731e-60
"GSTO1",1.08611180844799e-64,-0.35601959799779,0.227,0.525,1.763519743377e-60
"STK4",2.33614051423356e-64,-0.389077645303525,0.194,0.482,3.79319135296104e-60
"ARID5A",4.26284065906945e-64,-0.353163355479113,0.174,0.464,6.92157437813107e-60
"DUOXA1",4.58925661721301e-64,0.257995931237255,0.193,0.028,7.45157596936876e-60
"RHOD",5.18048702995011e-64,0.271345003013627,0.167,0.017,8.41155679052999e-60
"TFRC",5.45067857933094e-64,-0.442432933411509,0.212,0.494,8.85026680925965e-60
"DEF6",8.60897828895064e-64,-0.352104812728783,0.18,0.473,1.39783980477692e-59
"CD163",1.430066290011e-63,-0.403731260693672,0.223,0.511,2.32199863509086e-59
"ADA2",2.57092971027461e-63,-0.33635647913179,0.13,0.41,4.17441857057288e-59
"TAP1",4.70211547374134e-63,-0.357589620859064,0.463,0.753,7.63482489471381e-59
"CCDC88B",6.2248795152565e-63,-0.341004918479413,0.155,0.438,1.0107336868922e-58
"IGSF6",6.55132091885336e-63,-0.420847380171592,0.09,0.35,1.06373797759422e-58
"THEMIS2",7.63025723464472e-63,-0.341335847692746,0.152,0.436,1.23892486718926e-58
"FERMT1",1.02351319928743e-62,0.255344072830865,0.155,0.013,1.661878381683e-58
"MSN",1.26419120863344e-62,-0.349995044822122,0.393,0.688,2.05266726545812e-58
"SLC15A3",2.27626357798606e-62,-0.360972101637825,0.076,0.331,3.69596917157597e-58
"CALHM6",2.38781731030831e-62,-0.376113876526056,0.101,0.364,3.87709896674761e-58
"PLXND1",2.47079337508155e-62,-0.34224658122543,0.197,0.488,4.01182720311991e-58
"SNX10",4.45156385823772e-62,-0.479574151104106,0.109,0.37,7.22800423662058e-58
"DUOX1",7.58034288817756e-62,0.251509420582288,0.187,0.027,1.23082027475339e-57
"FERMT3",9.56077929366158e-62,-0.327946062386546,0.113,0.382,1.55238373391183e-57
"TLN1",1.84272255551277e-61,-0.333289128376465,0.215,0.507,2.99202861338608e-57
"SERPINB2",2.56192560539197e-61,0.316742003251123,0.149,0.013,4.15979860547493e-57
"CYBC1",2.77058874563673e-61,-0.328056181271507,0.258,0.561,4.49860494629036e-57
"SELL",3.2912357938477e-61,-0.433951021452557,0.137,0.402,5.34397955847052e-57
"PTPRF",4.45304878492668e-61,0.259909175790589,0.213,0.04,7.23041531208546e-57
"LASP1",4.61526203302382e-61,-0.336754855516972,0.33,0.631,7.49380096302078e-57
"CYTH4",5.79437979071575e-61,-0.343745313093059,0.199,0.485,9.40833446618517e-57
"SLC2A1",7.7614415483875e-61,0.28284667778106,0.221,0.044,1.26022526421168e-56
"CPVL",7.79401984515933e-61,-0.399070194716659,0.185,0.462,1.26551500225852e-56
"SPRR2G",1.10406696102489e-60,0.525817004808012,0.341,0.118,1.79267352461612e-56
"EVL",1.1101838336411e-60,-0.40585129042064,0.291,0.569,1.80260549068305e-56
"PIK3CD",1.12571672287869e-60,-0.34484110052607,0.161,0.44,1.82782624293813e-56
"CD6",1.46554950978736e-60,-0.336965191578125,0.07,0.319,2.37961273904174e-56
"C3",1.59353352418004e-60,-0.676627028160459,0.208,0.471,2.58742038321113e-56
"SULF1",1.89808160521702e-60,-0.46713059511321,0.173,0.437,3.08191510239087e-56
"CCR7",3.0439997226072e-60,-0.344410518520103,0.043,0.276,4.94254234959732e-56
"HIST1H3D",3.28540059421692e-60,-0.408733202024761,0.298,0.584,5.33450494483001e-56
"TNKS1BP1",5.82108551325617e-60,0.307263410450944,0.252,0.062,9.45169654787404e-56
"LAMB3",6.57261261462492e-60,0.547151869523004,0.185,0.028,1.06719511023665e-55
"ARPC4",8.2101554007011e-60,-0.351371357668886,0.584,0.819,1.33308293241184e-55
"NFKB2",1.31489824572018e-59,-0.341452155269459,0.268,0.56,2.13500028157586e-55
"AHNAK2",1.31952722007541e-59,0.254115212015614,0.217,0.043,2.14251634723644e-55
"C2",4.35013493110867e-59,-0.348417441080558,0.128,0.394,7.06331408764114e-55
"SEMA4D",7.01857112415111e-59,-0.334624408346775,0.094,0.346,1.13960539342842e-54
"PCDH7",9.71548943245807e-59,0.250518428730944,0.163,0.02,1.57750401914822e-54
"TMEM176A",1.30566201075699e-58,-0.332691296199954,0.1,0.355,2.12000340686612e-54
"COL6A3",1.84892610742987e-58,-0.414447909942964,0.332,0.612,3.00210132063387e-54
"DOCK8",2.27981890709248e-58,-0.313463020971973,0.119,0.382,3.70174195944606e-54
"MAP4K1",2.43417723405327e-58,-0.324609316047918,0.078,0.324,3.95237357493229e-54
"LAT",4.60534350003487e-58,-0.326012221577189,0.07,0.311,7.47769624100662e-54
"IDO1",5.51612989857772e-58,-0.687655136889448,0.405,0.64,8.95654011632064e-54
"VAMP5",7.73854926679039e-58,-0.339156416577189,0.24,0.523,1.25650824444876e-53
"CTNND1",8.55435411449696e-58,0.357114766508335,0.412,0.175,1.38897047757087e-53
"SOCS1",1.01017267077129e-57,-0.383208103271073,0.182,0.448,1.64021736553135e-53
"PLS3",1.04942211783281e-57,0.263375551050985,0.246,0.06,1.70394669272514e-53
"FUS",1.27140184028971e-57,-0.357354456546209,0.522,0.767,2.0643751680784e-53
"PPP1R9B",1.87273571774341e-57,-0.322638362360237,0.285,0.571,3.04076098489998e-53
"LAMC2",2.48701016609157e-57,0.412012552994004,0.154,0.017,4.03815840668287e-53
"TGOLN2",1.47699169821788e-56,-0.321682553148742,0.248,0.531,2.39819142039637e-52
"TGM2",1.63725961790438e-56,-0.348917422038911,0.093,0.339,2.65841844159134e-52
"KIAA1522",1.64354859883286e-56,0.258338019960263,0.253,0.066,2.66862985992492e-52
"HIST1H1B",1.97083820941162e-56,-0.448976541097646,0.406,0.663,3.20005000062165e-52
"RHOA",3.13926121803548e-56,-0.321055629854396,0.814,0.946,5.09721843972421e-52
"MLLT6",3.31729978742804e-56,-0.349917200152684,0.251,0.527,5.38629966484691e-52
"FAM107B",4.42837391882755e-56,-0.305833070850461,0.082,0.323,7.1903507320003e-52
"STK10",4.90254416113288e-56,-0.323300792818037,0.147,0.408,7.96026095443146e-52
"SAMHD1",5.71708479672133e-56,-0.327586004361978,0.158,0.422,9.28283058443643e-52
"ID2",1.20634523408063e-55,-0.334827212602381,0.307,0.59,1.95874275657671e-51
"LHFPL2",2.04575480845475e-55,-0.32249366900827,0.094,0.337,3.32169208248797e-51
"TRPV2",2.1752621673615e-55,-0.30248648295311,0.108,0.359,3.53197318114487e-51
"PNRC1",2.27668260267583e-55,-0.337554715418842,0.252,0.524,3.69664954196474e-51
"FCGR3A",2.87494749135418e-55,-0.401454763829428,0.19,0.45,4.66805224171178e-51
"S100A7A",2.96272160814773e-55,0.27211874024074,0.146,0.016,4.81057107514947e-51
"LGALS2",4.88133441032478e-55,-0.317021455224379,0.06,0.288,7.92582268204434e-51
"NINJ1",5.78507594703061e-55,-0.344465402816079,0.149,0.406,9.3932278151936e-51
"CD44",7.91430795555572e-55,-0.320088527251915,0.884,0.967,1.28504618274358e-50
"NR1H3",8.77873084928445e-55,-0.375007337577356,0.1,0.342,1.42540252799832e-50
"S100A6",9.38814058279147e-55,-0.377575171841937,0.966,0.997,1.52435238642785e-50
"FPR3",1.27299431703195e-54,-0.324482207082975,0.169,0.434,2.06696087256478e-50
"ACP5",1.45085824395333e-54,-0.464244755889759,0.306,0.563,2.35575853070703e-50
"TRAF3IP3",1.71021363475351e-54,-0.288179859587792,0.049,0.27,2.77687387874928e-50
"GIMAP4",1.86508550155136e-54,-0.309978730033029,0.107,0.353,3.02833932886894e-50
"CRISPLD2",3.560664871666e-54,-0.364280694354849,0.227,0.49,5.78145155212408e-50
"CTSD",4.45534043691356e-54,-0.612730472228991,0.818,0.882,7.23413626741655e-50
"CXCR4",6.30909108125951e-54,-0.303305260966932,0.084,0.32,1.02440711886411e-49
"UNC93B1",9.98028868936064e-54,-0.309599559917919,0.185,0.452,1.62049947449149e-49
"CD3E",1.04720218207229e-53,-0.309573844460145,0.085,0.321,1.70034218303078e-49
"CTSC",1.33370601894564e-53,-0.357225936820899,0.43,0.7,2.16553846296204e-49
"C15orf48",3.38652933880075e-53,-0.463722384123723,0.233,0.485,5.49870768741078e-49
"SLURP1",4.13285249811495e-53,0.299713391551257,0.224,0.054,6.71051260118924e-49
"ANXA11",4.23557506278387e-53,-0.309235506147495,0.248,0.522,6.87730322944217e-49
"MMP14",5.94961530261993e-53,-0.395869853527063,0.269,0.527,9.66039036686397e-49
"SLFN5",7.42125525910984e-53,-0.330507167171506,0.192,0.453,1.20498921642166e-48
"TGM3",1.21467030535999e-52,0.256244347470009,0.182,0.033,1.97226017481302e-48
"FLNB",1.25500427260019e-52,0.308698082083593,0.251,0.071,2.03775043742093e-48
"RIPOR2",2.9376099960797e-52,-0.311400547556388,0.066,0.288,4.76979735063462e-48
"KCTD12",3.31039188350801e-52,-0.331401621022765,0.169,0.426,5.37508330125196e-48
"LSR",3.51708201841164e-52,0.267286310038928,0.246,0.067,5.71068607329498e-48
"SPN",4.45114135207711e-52,-0.300508030041408,0.107,0.346,7.2273182133676e-48
"ITGA4",4.81877392224187e-52,-0.327270055594191,0.106,0.343,7.82424321754412e-48
"LAIR1",5.81389788720646e-52,-0.30051411917358,0.118,0.362,9.44002599945712e-48
"RHOF",7.53361732540838e-52,-0.319520105276087,0.16,0.411,1.22323344512656e-47
"CAPZB",7.86220165280178e-52,-0.316347263011357,0.534,0.778,1.27658568236542e-47
"BIN2",8.45850840644062e-52,-0.273510019380889,0.051,0.265,1.37340800995376e-47
"WARS",1.0267021055963e-51,-0.453315431930259,0.716,0.92,1.66705620885672e-47
"UBA52",1.08252964400145e-51,-0.328813974622237,0.817,0.931,1.75770338296516e-47
"CBX6",1.62038373070098e-51,-0.307348010464218,0.26,0.529,2.63101706353918e-47
"IL10RA",1.93455613809436e-51,-0.287925175038793,0.057,0.273,3.14113880142381e-47
"CELF2",2.48860555489495e-51,-0.292641852569884,0.088,0.318,4.04074883948294e-47
"LIPA",3.57308847320332e-51,-0.359549363269558,0.085,0.313,5.80162375394023e-47
"LAMA3",7.65977869973644e-51,0.275461035292302,0.128,0.012,1.24371826747621e-46
"CLEC7A",8.168486745229e-51,-0.301241464377014,0.144,0.393,1.32631719282283e-46
"EMILIN2",1.63587791318627e-50,-0.317529446441208,0.21,0.471,2.65617496764054e-46
"CLEC10A",1.96366879080723e-50,-0.350726031934423,0.151,0.393,3.18840901563371e-46
"SLCO2B1",2.04289114332664e-50,-0.313961067078371,0.131,0.372,3.31704234941947e-46
"TSTA3",2.20265332867004e-50,0.258499929509941,0.288,0.095,3.57644820976154e-46
"ETS1",2.43314988944898e-50,-0.302190547821641,0.138,0.383,3.95070547549831e-46
"FCGR1A",2.44845989639577e-50,-0.289127896263229,0.048,0.256,3.97556433377781e-46
"GRB2",3.6571011290467e-50,-0.297896903780866,0.177,0.431,5.93803510323312e-46
"TMC8",5.40417175164902e-50,-0.304599756967505,0.088,0.313,8.77475367315252e-46
"GRK2",1.01841257196398e-49,-0.323975165352121,0.443,0.703,1.65359649309791e-45
"GPSM3",1.23392804637848e-49,-0.26603937512266,0.046,0.252,2.00352896890474e-45
"LILRB2",2.45676109766363e-49,-0.296175165319335,0.115,0.35,3.98904299427643e-45
"SERPINF1",2.85700394421256e-49,-0.34233283744178,0.284,0.542,4.63891730421793e-45
"ARRB2",5.9319763622559e-49,-0.274397763453752,0.086,0.31,9.63175001939491e-45
"WDFY4",7.74825223299836e-49,-0.335229179975254,0.153,0.392,1.25808371507194e-44
"DENND2D",8.65778920155933e-49,-0.334935590630184,0.123,0.354,1.40576523265719e-44
"ARHGAP25",1.05591939009494e-48,-0.288250668514944,0.119,0.353,1.71449631369716e-44
"CALM3",1.15558335601413e-48,-0.309827338322127,0.256,0.509,1.87632069516014e-44
"SASH3",1.17791065581383e-48,-0.284760171347577,0.159,0.407,1.91257353184491e-44
"ARHGAP30",2.7748377597078e-48,-0.27252806281884,0.068,0.28,4.50550407043756e-44
"PLTP",4.85011945560788e-48,-0.441316890197016,0.223,0.465,7.87513896007051e-44
"ARPC2",5.57370145578797e-48,-0.321049075024852,0.657,0.865,9.05001905376293e-44
"ATF5",5.92166247508645e-48,-0.312613790200999,0.101,0.325,9.61500336079787e-44
"SIPA1",6.20798838630672e-48,-0.275161626506017,0.094,0.316,1.00799107428462e-43
"M6PR",7.67847777121694e-48,-0.288766151478164,0.169,0.415,1.24675443571249e-43
"LGMN",8.67519049423363e-48,-0.348229059321632,0.185,0.428,1.40859068054871e-43
"IL21R",1.05673728461796e-47,-0.264252433349121,0.063,0.272,1.71582432903419e-43
"TNIP1",1.18051622433923e-47,-0.29139995869272,0.147,0.386,1.91680419345961e-43
"NNMT",1.35796083467353e-47,-0.345895211861559,0.185,0.425,2.20492100725942e-43
"TMBIM6",1.83105106986556e-47,-0.314789131014509,0.683,0.868,2.97307762214071e-43
"LOR",2.55320291646977e-47,0.71417941328613,0.568,0.331,4.14563557547197e-43
"LTB4R",3.17124728943836e-47,0.25011589360717,0.242,0.072,5.14915422386107e-43
"SIGIRR",8.08388605800627e-47,-0.312374005755186,0.107,0.329,1.31258057923848e-42
"IKZF3",9.34654437965376e-47,-0.268356046101988,0.057,0.258,1.51759841092438e-42
"RNASEK",1.09619652919326e-46,-0.29207520056148,0.217,0.465,1.7798943044511e-42
"CD9",1.30975997334727e-46,0.318449388761296,0.357,0.152,2.12665726872396e-42
"FKBP5",2.49213550651989e-46,-0.289201244478474,0.167,0.405,4.04648042193634e-42
"HSPA8",3.17499147077788e-46,-0.325109071683392,0.668,0.875,5.15523365110204e-42
"MOB1A",4.50893754600044e-46,-0.287497164521253,0.172,0.411,7.32116189344091e-42
"DEGS1",4.7348657683482e-46,0.332992204207219,0.351,0.149,7.68800154806697e-42
"TRIM22",2.41630253908397e-45,-0.286300605031686,0.436,0.703,3.92335043271065e-41
"ADAM19",3.04505717855841e-45,-0.280689478610719,0.158,0.391,4.94425934082529e-41
"CHI3L1",4.22197843777484e-45,-0.845836730304795,0.273,0.475,6.85522638941501e-41
"SF3B1",8.08451734033634e-45,-0.287118891781398,0.29,0.549,1.31268308055041e-40
"JAML",8.61615625169909e-45,-0.269244411495179,0.066,0.267,1.39900529058838e-40
"SLC39A8",9.09725657611626e-45,-0.380490505092968,0.176,0.401,1.477121550264e-40
"SERPINA1",1.10873381688931e-44,-0.269196756220219,0.05,0.241,1.80025109848317e-40
"ETV6",1.46741760420893e-44,-0.282137630418458,0.198,0.44,2.38264596395404e-40
"TACC1",1.72391468975753e-44,-0.281470436837585,0.182,0.421,2.79912028175931e-40
"ATP5F1E",2.06395764329919e-44,-0.292039897903698,0.322,0.568,3.35124802542489e-40
"HERPUD1",1.4257928217375e-43,-0.295637659179202,0.192,0.425,2.31505980465517e-39
"CASP8",1.84078127860688e-43,-0.272099499618968,0.123,0.341,2.98887656207399e-39
"TMEM173",2.06789789582586e-43,-0.28134963076211,0.21,0.448,3.35764581345245e-39
"DRAM1",2.31121395807503e-43,-0.25240833654018,0.077,0.28,3.75271810372642e-39
"SAMSN1",2.94176724757654e-43,-0.252983346758993,0.08,0.283,4.77654747989002e-39
"APOC1",3.94699915886737e-43,-0.347278838025523,0.072,0.267,6.40874253425294e-39
"COL15A1",4.29459608160816e-43,-0.33554850544755,0.154,0.376,6.97313565770717e-39
"HIST1H2AG",7.06554100495493e-43,-0.323191085043687,0.151,0.371,1.14723189297453e-38
"DEK",1.04790747730021e-42,-0.274094098201031,0.375,0.628,1.70148737089235e-38
"VAV1",1.22673372665781e-42,-0.255942558502401,0.105,0.316,1.99184755197429e-38
"CFLAR",1.75740651743187e-42,-0.27735173904679,0.192,0.424,2.85350096235413e-38
"KLRK1",2.18731917795198e-42,-0.288083638222438,0.093,0.296,3.55155014924063e-38
"TNS3",4.55638419065598e-42,-0.299204364166792,0.122,0.332,7.39820101036812e-38
"VAC14",6.5055219765327e-42,-0.261813657764856,0.131,0.349,1.05630160332962e-37
"RAPGEF1",6.71359810908375e-42,-0.259226376702157,0.125,0.341,1.09008692497193e-37
"MICAL1",9.61483992484391e-42,-0.265951480977767,0.127,0.342,1.56116155859691e-37
"SCPEP1",1.21910908964355e-41,-0.312764912739185,0.197,0.421,1.97946742885424e-37
"ARPC3",1.26618885361193e-41,-0.271239603117269,0.351,0.59,2.05591084160969e-37
"RNF130",1.5527500571038e-41,-0.268416503683142,0.15,0.372,2.52120026771944e-37
"CALR",1.56403890353974e-41,-0.256364567498054,0.551,0.785,2.53952996767748e-37
"ZNF101",2.98074136476883e-41,-0.262233766396254,0.08,0.275,4.83982975397515e-37
"RCSD1",3.16969263191824e-41,-0.252545903601168,0.119,0.331,5.14662992644564e-37
"H1FX",4.23863468918727e-41,-0.283584783020096,0.381,0.618,6.88227114483338e-37
"FCGR2A",4.7490600719786e-41,-0.25530685635593,0.086,0.284,7.71104883887165e-37
"MOB3A",6.2101224202594e-41,-0.259086240784302,0.208,0.442,1.00833757737752e-36
"GIMAP1",6.57178862242401e-41,-0.26012079399112,0.119,0.33,1.06706131862299e-36
"CST6",7.25620265683957e-41,0.836741387603633,0.247,0.083,1.17818962539104e-36
"PTGS1",7.56341292331453e-41,0.254181772916252,0.269,0.098,1.22807135635858e-36
"IFITM2",1.54104800717869e-40,-0.322599688228153,0.412,0.633,2.50219964925603e-36
"TLE5",1.76043127674711e-40,-0.338838969013361,0.379,0.601,2.85841226405428e-36
"ZMIZ2",2.18292860565291e-40,-0.262382031649032,0.185,0.41,3.54442117699863e-36
"SH3BGRL",2.20380071760118e-40,-0.265464059443889,0.236,0.468,3.57831122516903e-36
"MGAT1",2.37942015229533e-40,-0.269558624842205,0.242,0.479,3.86346450128193e-36
"PI3",2.59277059653919e-40,0.283532077550319,0.109,0.012,4.20988161760069e-36
"PTK2B",3.68669507190303e-40,-0.255768025546611,0.117,0.323,5.98608678824894e-36
"TGFBI",5.57612387146038e-40,-0.294809369941124,0.302,0.537,9.05395233009022e-36
"ADAMTS2",5.87034580713465e-40,-0.323045396731195,0.161,0.371,9.53168048704454e-36
"RAB11A",6.76515186287551e-40,0.270677795849431,0.334,0.148,1.0984577079751e-35
"FBP1",7.90854738633896e-40,-0.627211866243291,0.293,0.513,1.28411083911986e-35
"CD96",1.30191232751226e-39,-0.250116525032191,0.082,0.273,2.11391504618165e-35
"FAM49B",1.49831533300737e-39,-0.253987124126795,0.143,0.357,2.43281460620407e-35
"ATP2A3",1.56012511188423e-39,-0.255818227550517,0.093,0.288,2.53317514416642e-35
"MYH9",1.58994723344164e-39,-0.286454599047031,0.737,0.904,2.5815973229392e-35
"CAPNS1",2.72615493039864e-39,-0.27237227041313,0.29,0.526,4.42645776048827e-35
"GSTK1",3.49921543242763e-39,-0.260717805964176,0.397,0.638,5.68167609763274e-35
"CD274",3.76382885609236e-39,-0.253138652441036,0.08,0.269,6.11132891363717e-35
"MS4A6A",3.82842804886936e-39,-0.267760615168879,0.074,0.259,6.21621862294918e-35
"GNLY",1.00971578594301e-38,-0.30545845075327,0.356,0.592,1.63947552163567e-34
"CARD8",1.13056972734326e-38,-0.257002561565739,0.146,0.357,1.83570606628725e-34
"APOBR",1.2453834195174e-38,-0.268396074012308,0.296,0.535,2.0221290582704e-34
"NUB1",1.26260883839392e-38,-0.269274277833987,0.168,0.381,2.05009797090021e-34
"HLA-A",3.35369225902359e-38,-0.50113885280558,0.564,0.664,5.4453901209766e-34
"APOL3",4.19654667915945e-38,-0.257470935424918,0.167,0.38,6.81393284295119e-34
"CLCN7",4.6618943653575e-38,-0.251342386360411,0.168,0.382,7.56951788103097e-34
"HIST1H4D",5.04912169268471e-38,-0.320116047878453,0.355,0.581,8.19825889241216e-34
"MARCKS",5.62217071736481e-38,-0.320810863827758,0.62,0.833,9.12871859378525e-34
"ARAP1",6.06589567864161e-38,-0.264441379068845,0.287,0.521,9.84919481341038e-34
"ESYT2",1.02456446756487e-37,-0.25507836315382,0.165,0.377,1.66358532598508e-33
"LAG3",2.62397649732206e-37,-0.271414428591897,0.067,0.243,4.26055063870182e-33
"ZFP36L1",2.64549419609695e-37,-0.276915033491978,0.373,0.602,4.29548892620261e-33
"RNF213",3.94409243979894e-37,-0.276839264653921,0.576,0.84,6.40402289450154e-33
"CHIT1",4.56506855684112e-37,-0.418101868314488,0.069,0.243,7.41230181574293e-33
"ELL2",4.80390780124084e-37,0.275579787857858,0.284,0.118,7.80010509687475e-33
"EMILIN1",5.95114457244246e-37,-0.25673764832412,0.173,0.386,9.66287344227481e-33
"ATP6V0B",1.45267292327622e-36,-0.268636548265747,0.308,0.528,2.35870502552359e-32
"CTSL",1.46019972780056e-36,-0.346350201655886,0.332,0.545,2.37092629802976e-32
"HIST1H4E",2.1122634931179e-36,-0.274567383304736,0.177,0.385,3.42968223377553e-32
"HIST2H2AB",2.30511580448313e-36,-0.263419377580346,0.151,0.353,3.74281653173926e-32
"GM2A",5.24357285938032e-36,-0.473150650711867,0.418,0.587,8.51398925177582e-32
"GPNMB",7.42267708118338e-36,-0.407574778052245,0.374,0.562,1.20522007767174e-31
"GPX4",8.57461648242473e-36,-0.27421654240796,0.209,0.422,1.3922604782513e-31
"PPP2R5C",9.65119939625359e-36,-0.28016715657749,0.258,0.469,1.5670652459697e-31
"GABARAP",1.14609632583676e-35,-0.273345073166809,0.635,0.852,1.86091660426114e-31
"BICD2",1.31492969527233e-35,0.273162104487454,0.364,0.181,2.13505134621368e-31
"NOP53",1.37427926473247e-35,-0.293430796038388,0.521,0.728,2.2314172421461e-31
"HNRNPU",1.58767647213899e-35,-0.253889404707057,0.239,0.455,2.57791028781207e-31
"CTSK",1.75792225235328e-35,-0.465862332242749,0.423,0.613,2.85433836114602e-31
"IGFBP5",2.07081507221242e-35,-0.509452170712619,0.479,0.637,3.36238243275131e-31
"CDV3",4.01793985332846e-35,-0.253947479832823,0.504,0.719,6.52392893984941e-31
"PTGDS",4.23470588826519e-35,-0.474865776321498,0.521,0.715,6.87589195077619e-31
"SERPINB9",5.04475247772148e-35,-0.265165021017285,0.202,0.41,8.19116459807637e-31
"HIST1H4C",7.31299659424675e-35,-0.321766103044574,0.349,0.549,1.18741125700784e-30
"SRRM2",8.43708656172652e-35,-0.285665533240574,0.48,0.679,1.36992974502754e-30
"DDX5",1.8936290936197e-34,-0.278114207165474,0.893,0.975,3.07468555931032e-30
"MMP3",2.93183512468329e-34,0.4500561809547,0.227,0.083,4.76042069194827e-30
"AEBP1",4.94327398058527e-34,-0.321945386677176,0.228,0.426,8.0263939622763e-30
"CIRBP",1.01833932495157e-33,-0.257875781267333,0.573,0.761,1.65347756192386e-29
"PSME1",2.76013097541083e-33,-0.263349543386571,0.416,0.622,4.48162466477457e-29
"EID1",2.93628580978597e-33,-0.250929042309209,0.363,0.582,4.76764726934948e-29
"DBNL",3.09000991378994e-33,-0.252438223900972,0.437,0.647,5.01724909702072e-29
"HIST1H4A",3.54519807130694e-33,-0.276994487051966,0.301,0.508,5.75633810838107e-29
"FBN1",4.12128768419445e-32,-0.415581154623819,0.532,0.674,6.69173481282654e-28
"ASAH1",7.26276695388104e-32,-0.293541181860318,0.327,0.532,1.17925547030166e-27
"PGD",1.23100100068514e-31,-0.350328286757925,0.353,0.535,1.99877632481247e-27
"ALDH3A2",2.25833333853104e-31,0.258577147110563,0.26,0.112,3.66685584177284e-27
"SAT1",2.34036116347868e-31,-0.28049017407571,0.184,0.373,3.80004442114033e-27
"NIBAN2",3.18149134067463e-31,0.279586505375505,0.362,0.194,5.1657874898534e-27
"IL1RN",9.64995438216839e-31,0.319388677753562,0.228,0.091,1.56686309303268e-26
"EIF6",4.77944088599321e-30,0.262797547020453,0.388,0.219,7.76037816658717e-26
"GZMB",4.96050347417402e-30,-0.288757135563924,0.393,0.607,8.05436949101636e-26
"PRRX1",1.8701362931202e-29,-0.260075173877314,0.231,0.421,3.03654029913927e-25
"IFI6",9.40232140819239e-29,0.586289533880081,0.672,0.594,1.5266549270482e-24
"JCHAIN",1.43126110400522e-28,-0.436489479765391,0.17,0.342,2.32393865457327e-24
"GRN",7.80385542335429e-28,-0.268880724292157,0.283,0.467,1.26711200509004e-23
"GSN",5.01838926349364e-27,-0.278363648344212,0.703,0.871,8.14835864713462e-23
"CCL21",3.01516323674364e-26,-0.600983839057576,0.201,0.36,4.89572054750064e-22
"APOE",5.54720895908616e-26,-0.411388403681843,0.588,0.741,9.00700318686819e-22
"EEF1G",6.85333446812559e-26,-0.273722695312366,0.64,0.783,1.11277591758955e-21
"GREM1",1.07790620983928e-24,-0.392231312601774,0.222,0.377,1.75019631291604e-20
"C1R",2.35410936880566e-24,-0.275076623746721,0.65,0.776,3.82236738212975e-20
"COL4A1",1.50612096692477e-21,-0.268890190763992,0.192,0.343,2.44548861399575e-17
"PI16",5.57953702740906e-21,-0.327809488803741,0.141,0.275,9.05949427140409e-17
"HLA-DRB5",2.98700419081597e-20,-0.600843985960582,0.164,0.279,4.84999870462789e-16
"IGHM",5.96131501232155e-20,-0.446417484211732,0.17,0.311,9.6793871855065e-16
"GSTP1",1.51358550829204e-14,0.426480160887971,0.679,0.69,2.45760878981378e-10
"IGKC",4.51378188649894e-14,-0.826742526475815,0.447,0.564,7.32902764910833e-10
"IGHG3",8.12928558966875e-13,-0.378638390287605,0.049,0.125,1.31995210119452e-08
"NUPR1",1.06100679037864e-12,-0.388809891403147,0.489,0.588,1.72275672553779e-08
"IGFBP7",2.18804913486543e-12,-0.31045685605165,0.328,0.433,3.552735380281e-08
"CSTB",6.77962638843645e-12,0.53254900971216,0.668,0.621,1.10080793669043e-07
"ANXA1",2.45802382369713e-11,0.491605887372358,0.667,0.827,3.99109328253702e-07
"HLA-DRB1",6.73157197496908e-11,-0.637007623455365,0.215,0.282,1.09300534157573e-06
"COL3A1",2.12509041681765e-09,-0.375501355297096,0.83,0.897,3.45050930978683e-05
"IGHG1",1.69286812825387e-07,-0.805886932633226,0.257,0.324,0.00274870997984581
"MT1G",1.67334437808758e-05,-0.250143282396237,0.135,0.185,0.27170092667008
"IFI27",8.83092883844518e-05,0.332367056373221,0.686,0.736,1
"COL1A1",0.00212609293521675,-0.263097736144337,0.578,0.644,1
