"gene","corr_estimate","pvalue"
"CFD",-0.362621913682549,0
"AHNAK",-0.332683419602533,0
"ADIRF",-0.272434254833836,0
"CLEC3B",-0.265399408605553,1.97626258336499e-323
"COL1A1",-0.258397400903977,4.37021880100705e-306
"SPARC",-0.253544527768543,2.15207928405948e-294
"KRT15",-0.253465511175146,3.32011052325656e-294
"NFIB",-0.250768463066892,8.09520515381087e-288
"DCD",-0.245475488075585,1.6534696446257e-275
"APOD",-0.244615794864577,1.54838833420578e-273
"ID4",-0.238375550534633,1.85173465265499e-259
"TNXB",-0.234872792538384,9.80263312094601e-252
"TIMP3",-0.234637762130902,3.1991149206843e-251
"CXCL14",-0.233528721532608,8.34140742640498e-249
"CPE",-0.231115107678322,1.36658057329193e-243
"PTPRF",-0.225672652371949,4.71133437656304e-232
"AZGP1",-0.225616387822367,6.17775327380766e-232
"SCEL",-0.225424978117243,1.55221841221881e-231
"LOR",-0.22401774537623,1.32163765613176e-228
"TPPP3",-0.22275460727078,5.41992146731459e-226
"CXCL12",-0.221939795620552,2.5753755500024e-224
"CCDC80",-0.218585363568068,1.74950317214184e-217
"DSP",-0.21792946233864,3.67659640961445e-216
"CLDN1",-0.217864238559187,4.97418455990841e-216
"FASN",-0.215489625891186,2.79748381164048e-211
"CRYAB",-0.215419502143419,3.85631184495945e-211
"NFIX",-0.213276725203917,6.63792137795763e-207
"GSN",-0.212044432225755,1.72614063833081e-204
"ANXA2",-0.211010307268242,1.78632483516298e-202
"PPL",-0.210722730454283,6.46195254397788e-202
"SELENOP",-0.209429223083489,2.05008066580538e-199
"COL6A1",-0.208303370631261,2.98749974547802e-197
"MYL9",-0.207838925364408,2.31274730449357e-196
"SLC12A2",-0.207592692924159,6.83083318995269e-196
"ALDH3A2",-0.205902060950444,1.11557465837719e-192
"SFRP2",-0.205611831915297,3.94643022175e-192
"COL3A1",-0.205455359116398,7.79260236875818e-192
"TRIM29",-0.204875947833009,9.63157650296135e-191
"CD9",-0.204382125810218,8.16132596869944e-190
"DCN",-0.202672443328361,1.27671189923592e-186
"FABP4",-0.202435200080394,3.5241597447058e-186
"DHCR24",-0.201889538416768,3.62369240829838e-185
"SLIT3",-0.201509893314651,1.82630915681693e-184
"KRT10",-0.201494354791848,1.9511620338099e-184
"MUCL1",-0.201439538090017,2.46370691724951e-184
"MFAP4",-0.200036442172118,9.42370379843728e-182
"PLA2R1",-0.198314674977216,1.30848846615758e-178
"FBLN1",-0.196499509881476,2.50062116439685e-175
"DGAT2",-0.195359508969978,2.76826024939893e-173
"KLF5",-0.194417649734438,1.32255541175988e-171
"MFAP5",-0.193693708299312,2.54781862574139e-170
"AQP1",-0.19358168981998,4.02256857867135e-170
"CKB",-0.192412079616283,4.65583697474176e-168
"TACC2",-0.192044073709489,2.0628924365199e-167
"PEBP1",-0.190891800203202,2.13841224421955e-165
"CAV1",-0.188560545428228,2.33487801275757e-161
"AHNAK2",-0.188197556601551,9.82305184296992e-161
"MYH14",-0.188007029202127,2.08569207876864e-160
"KRT77",-0.187891332588653,3.29342835606914e-160
"TACSTD2",-0.18750271005964,1.52442538658593e-159
"CD36",-0.187399080359036,2.29249040828892e-159
"TNS1",-0.187198668090474,5.04318197703653e-159
"EPS8L2",-0.185914643165289,7.71114405736507e-157
"SERPINA12",-0.184867100219671,4.54280218615765e-155
"KRT7",-0.184523930908591,1.71755359095013e-154
"SYT8",-0.184444973772435,2.33152727383976e-154
"KIAA1522",-0.184297452140996,4.12541793753746e-154
"SPINT1",-0.183216259989355,2.66285556186861e-152
"JUP",-0.182495355008656,4.22481572114606e-151
"COL1A2",-0.182131017136243,1.70054728036186e-150
"SCGB1D2",-0.181811954114147,5.74325493901251e-150
"SCGB2A2",-0.181404393595568,2.70956168056837e-149
"CAMSAP3",-0.181130030212899,7.68323329613535e-149
"FLG2",-0.181072281566053,9.56587833469202e-149
"C19orf33",-0.180616262035659,5.38514451087782e-148
"ATP1B1",-0.180287655296983,1.86525238658971e-147
"FXYD3",-0.17949616167641,3.68130548164624e-146
"KLF4",-0.1794941646509,3.70904655895534e-146
"EPHB6",-0.179457519520599,4.25680552892014e-146
"SOX9",-0.179004456018122,2.33139918817501e-145
"NECTIN4",-0.178917853889639,3.22522237088415e-145
"PERP",-0.178874580047534,3.79279792012705e-145
"NCKAP1",-0.178139627154459,5.91362500399124e-144
"KLK11",-0.177305603656121,1.31591749360606e-142
"CLDN4",-0.17706903594528,3.16361975378083e-142
"CAVIN1",-0.176712894074869,1.18216283908136e-141
"KRT2",-0.176481132145556,2.78339135691641e-141
"ANO1",-0.17632583718921,4.93717673495718e-141
"HSPA1B",-0.176229500297111,7.0431856385545e-141
"PALMD",-0.176187795251755,8.21362778465591e-141
"ERBB2",-0.175909246430993,2.29105644656891e-140
"CTNND1",-0.175510897687749,9.90469542148856e-140
"CDHR1",-0.175330987894095,1.91643683439961e-139
"HS3ST6",-0.175317563458891,2.01312803532925e-139
"EPHB3",-0.175284626448175,2.27149869330252e-139
"C5orf46",-0.174993185746195,6.60508663779019e-139
"C1orf116",-0.174777558818036,1.45321133148089e-138
"PIP",-0.173726144559288,6.69476415087979e-137
"RAPGEFL1",-0.173456488712387,1.7808848329703e-136
"AQP5",-0.172843991585409,1.6336547882043e-135
"PPDPF",-0.171727236631896,9.09582348680214e-134
"TCEA3",-0.170582587906009,5.44140933191458e-132
"PLIN4",-0.170481955598712,7.78619224724521e-132
"DMKN",-0.170064063837856,3.43952292799038e-131
"NDRG2",-0.169919021825678,5.75485169089227e-131
"GPD1",-0.1692100755413,7.07539401904296e-130
"SCD",-0.169200031195405,7.33086414148013e-130
"TFCP2L1",-0.168903352458428,2.08795986512886e-129
"PAM",-0.168447969153052,1.03708980965681e-128
"MGST1",-0.167681783380268,1.52239330980738e-127
"PLIN1",-0.166857418932773,2.70126319790725e-126
"TNKS1BP1",-0.166637219864859,5.80904612889784e-126
"GAN",-0.165640711558367,1.83323610279732e-124
"C6orf132",-0.16563828223066,1.84867867100875e-124
"KRT23",-0.165305343060445,5.82916300633551e-124
"MYLK",-0.165223790364181,7.71989762107667e-124
"DST",-0.164230030905316,2.34000663646431e-122
"TPM1",-0.163779476884256,1.09107575820654e-121
"EPPK1",-0.163778360554887,1.09523970427084e-121
"HEBP2",-0.162694120719118,4.37152557469132e-120
"SDC1",-0.16249197949163,8.66770316760865e-120
"TIMP2",-0.162253429391564,1.94186431972587e-119
"CHP2",-0.162062855138731,3.69565960797323e-119
"ACSL1",-0.161756629516999,1.03763093250776e-118
"CASZ1",-0.161723145411276,1.16148509933646e-118
"MT1X",-0.161670350453535,1.38741058883814e-118
"PGRMC2",-0.161427354218707,3.14157887865472e-118
"LTBP4",-0.161222758123724,6.24547557020218e-118
"GPC1",-0.161149422121354,7.98793329495396e-118
"PBX1",-0.160196225476908,1.93570716619258e-116
"EXPH5",-0.159950663428104,4.38625480210409e-116
"PHGDH",-0.159509100390762,1.90311348318538e-115
"LAMB2",-0.159208193680279,5.16116719847476e-115
"DHCR7",-0.159054115816707,8.59560803905807e-115
"AKR1C1",-0.158955350042507,1.19168351178082e-114
"OLFM2",-0.158901523007378,1.4237985842519e-114
"ACTA2",-0.158805907557842,1.95285725024835e-114
"PPP1R1B",-0.15871283627862,2.65557190809005e-114
"WFDC5",-0.158676523128367,2.993767004814e-114
"TNFRSF19",-0.158641155321986,3.36442343618364e-114
"ADAM15",-0.158445105663206,6.42234728230893e-114
"POF1B",-0.15799073607553,2.86447852806242e-113
"ERBB3",-0.1577307683402,6.72502796249146e-113
"KRT18",-0.157421382594052,1.85339239165862e-112
"PLPP2",-0.157264935274845,3.09211890855685e-112
"EMP1",-0.15699613719757,7.44112882456919e-112
"ACTG2",-0.156837294025961,1.24937150295717e-111
"IRF6",-0.156682688737841,2.06781221159755e-111
"HSPG2",-0.156570476051705,2.97981362535915e-111
"TLE2",-0.156454999820503,4.33868230346721e-111
"IL20RB",-0.156252478529057,8.37949363270956e-111
"DSC1",-0.15608518320488,1.44232767078431e-110
"CD34",-0.155685875524406,5.25924881546278e-110
"CITED4",-0.155578180300872,7.4507904288102e-110
"HOPX",-0.155444002555621,1.14954939418729e-109
"NTRK2",-0.1552696463958,2.0183272471307e-109
"FKBP9",-0.155105416205425,3.42764360793788e-109
"SORBS1",-0.154740191997733,1.11065597698314e-108
"ARHGEF4",-0.154497545680361,2.42160882810479e-108
"BNIPL",-0.154142120576416,7.56777431129316e-108
"TNS4",-0.154132991377521,7.79225616690473e-108
"PROM2",-0.154103914821413,8.5524747283763e-108
"KCNK5",-0.153560434566178,4.85613569250093e-107
"APP",-0.153493272264347,6.01589419060519e-107
"ITGB4",-0.153356686745713,9.29648801538235e-107
"PLPP3",-0.152653369977501,8.68656367204072e-106
"PSAPL1",-0.152541115063075,1.23971332257414e-105
"PDLIM4",-0.152512662862512,1.3566109615858e-105
"ATP1A1",-0.152274766004513,2.87983814326617e-105
"SFRP1",-0.152188356456048,3.78423774413008e-105
"EPHX1",-0.151721507671869,1.65038481744309e-104
"EFNA3",-0.15168255375552,1.86578435850264e-104
"STAC2",-0.151626613084096,2.22507703670977e-104
"AKR1C2",-0.151625678863023,2.23162950327704e-104
"ESRP1",-0.151615058844232,2.30748377578769e-104
"RAB3D",-0.151019590978331,1.4975825841522e-103
"CNN1",-0.150921014979001,2.03954174973178e-103
"ELOVL4",-0.150893587497503,2.2224887449784e-103
"ELN",-0.150669834167927,4.47636775662859e-103
"ITIH5",-0.150526681890729,7.00207067425617e-103
"FGFR3",-0.150352233544311,1.20710553494903e-102
"ACAP3",-0.150234670057358,1.7417177160074e-102
"RHOB",-0.150134184979332,2.38218661938203e-102
"TJP1",-0.149925315913548,4.56414059299015e-102
"C1orf21",-0.149831106873719,6.11775578911981e-102
"FSTL1",-0.149744864230885,7.99821891146274e-102
"THEM5",-0.149716912976739,8.72376463909931e-102
"NSG1",-0.149382046694977,2.46559295205812e-101
"CAV2",-0.149230511468216,3.94241743168499e-101
"PARD3",-0.149190289149698,4.46511287959573e-101
"DDR1",-0.1489449991259,9.53325327223252e-101
"EGFR",-0.148831288401636,1.3544278853637e-100
"MAL2",-0.148645234311119,2.40458350841379e-100
"HSPB6",-0.148498606687719,3.77806785733894e-100
"LAMA5",-0.14832235298273,6.49951767284655e-100
"SVEP1",-0.148295795953065,7.05271989154019e-100
"EHD2",-0.148283182104821,7.33169173007693e-100
"PPP1R1A",-0.148203232194627,9.37462316227884e-100
"MAP3K6",-0.147958401639868,1.98829377413969e-99
"PPP1R13L",-0.14793503397568,2.13607395616197e-99
"SLURP1",-0.147881784126342,2.51506242341937e-99
"ITPRID2",-0.147676579151768,4.7168011886472e-99
"TBX18",-0.147561708687466,6.70427341308065e-99
"SEPTIN10",-0.14688235410278,5.33251360227872e-98
"EVPL",-0.14674933433986,7.99397180488571e-98
"DEGS1",-0.146658778302049,1.05285442586744e-97
"MPP7",-0.146349483337409,2.69342018561869e-97
"MRC2",-0.145695795921482,1.94770107070842e-96
"TLCD3A",-0.145254424711755,7.3690030310084e-96
"ABCA8",-0.145233778308983,7.84145126378407e-96
"GJA1",-0.145119271124983,1.10662609166689e-95
"C1orf68",-0.145048076105821,1.37074267807545e-95
"LCE1C",-0.145017516071633,1.50259449642585e-95
"EPN2",-0.144656830877945,4.43543207460573e-95
"EEF2K",-0.144571587252128,5.72610757884239e-95
"ANK3",-0.144531501455087,6.45650997320083e-95
"KRT1",-0.144468390545124,7.79926664605408e-95
"TUFT1",-0.144462587991548,7.93590210880381e-95
"PRDX6",-0.144230438809708,1.5889156968646e-94
"HOMER2",-0.144125536957427,2.17358897892568e-94
"GGT6",-0.144039879381573,2.80681963199267e-94
"CRACR2B",-0.143679852662758,8.20662731057461e-94
"HR",-0.143552502501381,1.19865148296091e-93
"LGALSL",-0.143502083157589,1.39248220978499e-93
"LOX",-0.143318985606161,2.39876977942725e-93
"TSPAN8",-0.142789302669894,1.15219888225484e-92
"CDC42BPG",-0.142504026501839,2.67612248426341e-92
"BDH1",-0.142265718905589,5.40315329270132e-92
"GRHL1",-0.142239237352433,5.8414807636311e-92
"PTPN13",-0.142096359555839,8.89573712866685e-92
"ACADVL",-0.141799528726274,2.12838733329094e-91
"CCNI",-0.141694173282135,2.89952442756743e-91
"KRT8",-0.141594512786367,3.88373386435409e-91
"CCL27",-0.141590681096766,3.92760193853005e-91
"PNPLA2",-0.141358298638347,7.75730084986712e-91
"SYNM",-0.141170383533194,1.34389378517947e-90
"SLC6A9",-0.141140278992249,1.46746412826227e-90
"MELTF",-0.140929966449872,2.71155188799572e-90
"OLFML3",-0.14092504561008,2.75075561698609e-90
"TMEM59",-0.140896607032252,2.98865453002468e-90
"DSG1",-0.140862150835664,3.30454730385886e-90
"LAMA4",-0.140842124251211,3.50323362962569e-90
"GAS6",-0.140589823205662,7.30476398509104e-90
"ZBTB7B",-0.140486091367024,9.87746131623232e-90
"LCE2B",-0.139935946797024,4.87462667320745e-89
"CYB5R3",-0.139828343278923,6.65602369252832e-89
"GPX3",-0.139638022964464,1.15401619615899e-88
"POSTN",-0.139631372404772,1.17640627934834e-88
"GATM",-0.139604486934324,1.27142361611691e-88
"SEPTIN5",-0.139364161046982,2.54405377379184e-88
"ADGRG1",-0.139277469346565,3.26631482033861e-88
"DEFB1",-0.139212717075511,3.93620430922143e-88
"ADIPOQ",-0.139114317786957,5.22543634653878e-88
"RNF227",-0.138963886388639,8.05485816763703e-88
"ATP6V1C2",-0.138961936856935,8.10013179305646e-88
"TAGLN",-0.138931979470506,8.82861279498106e-88
"ANKRD35",-0.138784730001085,1.34773729805356e-87
"APCDD1",-0.138704992065079,1.69435556384908e-87
"KRT80",-0.138558622929155,2.57816606977145e-87
"NTN4",-0.138178692310512,7.64882965724185e-87
"SERPINB5",-0.138075529357663,1.02707778140242e-86
"SH3RF2",-0.138038730087855,1.1408834807077e-86
"THBS2",-0.137961721397697,1.42136539422128e-86
"ALS2CL",-0.137931627660812,1.54880491310165e-86
"AMOTL2",-0.13770360704133,2.96672787081732e-86
"TMEM134",-0.137619212360489,3.77253067221214e-86
"PADI2",-0.137400327815968,7.03036921545888e-86
"DSC3",-0.137081440574959,1.73796703479614e-85
"IL37",-0.137080498317627,1.74261549607266e-85
"CST6",-0.137042021728397,1.94340826323988e-85
"DEGS2",-0.13698000053546,2.31675260236824e-85
"CD151",-0.136941819361363,2.58132653622619e-85
"CAPNS2",-0.136712946794593,4.9325937843704e-85
"TFAP2C",-0.136546905939815,7.88492821581927e-85
"TM4SF1",-0.136471603628975,9.75225366646967e-85
"LYVE1",-0.136137923039865,2.49749909338547e-84
"ADAM33",-0.135822899357079,6.05513361631627e-84
"DHRS3",-0.135811757761745,6.24755192200412e-84
"BCAM",-0.135776320346379,6.90104515950757e-84
"DAAM1",-0.135773171895104,6.96230222284468e-84
"PKP1",-0.135720606206666,8.06895960339546e-84
"DLX3",-0.135663514319118,9.47042625741251e-84
"GP1BB",-0.135594838732714,1.14813588533006e-83
"NCALD",-0.135442271951362,1.76040229101152e-83
"ECM2",-0.135416574856258,1.89171096154287e-83
"TPD52L1",-0.135343637851552,2.32005987220057e-83
"POU2F3",-0.135090807749784,4.70322996951494e-83
"CFH",-0.134501716621933,2.42753716266087e-82
"ATL2",-0.13449591778308,2.46698330292917e-82
"LIPE",-0.13442644799378,2.99230262141784e-82
"CYB5A",-0.134420886825862,3.03889050486225e-82
"H1F0",-0.134398315281519,3.23552411331843e-82
"PLAAT3",-0.133766286624681,1.86418570931319e-81
"C1orf115",-0.13344594349849,4.51397332909395e-81
"EMP2",-0.133401875598006,5.0970530819377e-81
"NFIC",-0.133357254105844,5.76399782929294e-81
"TMEM37",-0.133169487160924,9.66603702443392e-81
"PLA2G4F",-0.13316731632685,9.72394176877715e-81
"PARD6G",-0.133167141045256,9.72863228794629e-81
"GNAI1",-0.133022799757654,1.44685459454561e-80
"TXNIP",-0.132821283112543,2.5162563288386e-80
"NRBP2",-0.132741306580855,3.1335116882324e-80
"TNS2",-0.132578021126669,4.90196834176528e-80
"MAF",-0.132537358161494,5.47934250082495e-80
"KLF8",-0.132468666169839,6.61279204382925e-80
"ZNF750",-0.132446341404189,7.0293255123821e-80
"LIMS2",-0.132372791644777,8.59569785895715e-80
"PM20D1",-0.132330649088156,9.64536027430439e-80
"ATP6V0A4",-0.132156796238003,1.55083805147505e-79
"GPAM",-0.131855561216552,3.5259118163634e-79
"CRCT1",-0.131853957002564,3.54134973936108e-79
"RBPMS",-0.131811517932242,3.97516080803502e-79
"TMEM43",-0.131732202794433,4.93291232454295e-79
"MLPH",-0.131716972633889,5.14160194385497e-79
"NDFIP2",-0.131572090323014,7.62387337556699e-79
"PLAC9",-0.131554948640406,7.98736941521576e-79
"SLC38A2",-0.131530383235537,8.5386167986697e-79
"CELSR2",-0.13145298751604,1.05357933635788e-78
"SULT2B1",-0.131037979685258,3.24473946264596e-78
"KLK5",-0.130989324346879,3.70125239443707e-78
"GRHL2",-0.130798931938878,6.19220360482623e-78
"KCTD15",-0.130795192305997,6.25506363219097e-78
"NEBL",-0.130699995449979,8.08820250372399e-78
"PGLYRP3",-0.130482635223092,1.45344271188018e-77
"PMP22",-0.130443637266357,1.61443835269138e-77
"ASPH",-0.130402367327094,1.80421261432903e-77
"ARHGAP23",-0.130387615327508,1.87731324002648e-77
"FBLN5",-0.130115023251088,3.90758471130424e-77
"CTNNBIP1",-0.130090763240358,4.17070492543851e-77
"KIAA1671",-0.130041766065584,4.75720286434473e-77
"NIPAL1",-0.129487788194875,2.09835844033495e-76
"INAVA",-0.129134295108151,5.39105832352567e-76
"HSPB1",-0.129095557389534,5.97738911924192e-76
"SYNGR1",-0.129004042887364,7.62748399764159e-76
"SYNPO2",-0.129002771204764,7.65335616335043e-76
"LCE1B",-0.128979597006081,8.14045703062047e-76
"SOSTDC1",-0.128943573577676,8.95970454875778e-76
"TINAGL1",-0.128943276319985,8.96679588701299e-76
"GNG12",-0.128791996676096,1.34089021458528e-75
"VGLL4",-0.128738168759573,1.54711838186742e-75
"CLEC2A",-0.128719979493595,1.62372428712425e-75
"SLC40A1",-0.12848871669639,2.99987085006196e-75
"MATN2",-0.128450358226609,3.32103148709706e-75
"RHOV",-0.128336256349522,4.49348341380137e-75
"EXOC6B",-0.12812820197875,7.79303404787505e-75
"SH3GLB2",-0.127964473061097,1.20117169263313e-74
"DPT",-0.127915264154081,1.36782316201995e-74
"PLLP",-0.127877663551712,1.51052964851889e-74
"TMEM159",-0.127829907919832,1.7133649841693e-74
"ACACB",-0.127816036303018,1.77721797925449e-74
"KIFC2",-0.127534632975856,3.73012584162914e-74
"PCOLCE",-0.127233731089159,8.22640774885182e-74
"EFNA1",-0.127062904752941,1.28778045514014e-73
"TMEM154",-0.127052081312117,1.32484328985493e-73
"DAPL1",-0.126976708540061,1.61416480101767e-73
"AQP7",-0.126914035001856,1.90212111524425e-73
"WNT7B",-0.126687587256733,3.43968161499196e-73
"LPL",-0.126677974073454,3.52719839998838e-73
"EGR3",-0.126649815615929,3.79653003988044e-73
"SEMA3F",-0.126622787455485,4.07431086315359e-73
"TRIM7",-0.126612678931357,4.18332884131958e-73
"COL12A1",-0.126558451136423,4.81976545256277e-73
"RBP4",-0.126440702651734,6.55360664343946e-73
"TRIM2",-0.126388280547582,7.51369952577344e-73
"TMEM45A",-0.126195544426618,1.24145265967511e-72
"POU3F1",-0.126153268148159,1.38585914220798e-72
"PODN",-0.126091442721031,1.62770878758306e-72
"PYGB",-0.12564066981746,5.24627141733496e-72
"LRRC26",-0.125444486201983,8.7191979413583e-72
"RAB25",-0.125426708009098,9.12960959066155e-72
"IL17RC",-0.125205556824346,1.61694806719953e-71
"SELENBP1",-0.125162434754297,1.8073762429847e-71
"PPARGC1A",-0.125096342304004,2.14350475121542e-71
"CLIC3",-0.124999505359438,2.7516047102125e-71
"PATJ",-0.124825829917907,4.30421873128686e-71
"GNA11",-0.124814432070771,4.43237575779449e-71
"PLEKHN1",-0.12475263683471,5.19636758103319e-71
"PPP1R12B",-0.124510031663635,9.69393276584788e-71
"SNX21",-0.124447537246814,1.138072230325e-70
"RNASE4",-0.124360731540186,1.42194496504206e-70
"MAMDC2",-0.124311437848198,1.61350992240043e-70
"FLNB",-0.12418191272488,2.24849750877325e-70
"PTPN3",-0.124117328627824,2.65275219043742e-70
"IGFBP6",-0.124069840238612,2.99550194509471e-70
"PTOV1",-0.124005009967555,3.53574396689899e-70
"ARHGEF37",-0.123950801507117,4.06129056996768e-70
"LCE1D",-0.123932193946951,4.2590850131557e-70
"PLAGL1",-0.123923646354521,4.35313449844899e-70
"FGFR1",-0.123916769692433,4.43029906550199e-70
"ZNF185",-0.1238808993014,4.85546689281494e-70
"PTGER3",-0.123877583000658,4.89677121836153e-70
"TFAP2A",-0.123581797286091,1.04141284956135e-69
"C3orf52",-0.123473641253528,1.37168061884278e-69
"LCE1A",-0.123403478875591,1.63983957479388e-69
"LDB1",-0.123257736608232,2.37542634288564e-69
"ZBTB7C",-0.123206252472289,2.70737164479836e-69
"ECHDC2",-0.123091449912822,3.62351947784539e-69
"SCNN1A",-0.123049928704295,4.0260821645179e-69
"RNF141",-0.12304247642405,4.10291570461418e-69
"STARD10",-0.122964279178671,5.00275824501464e-69
"WNK2",-0.122926230403788,5.50923784403006e-69
"HMGCS2",-0.122918162176967,5.62303617951728e-69
"RORA",-0.122898011981286,5.91758140180669e-69
"CDSN",-0.122746845638069,8.67700019106287e-69
"TPD52",-0.122691356251017,9.98468143188598e-69
"MFSD2A",-0.122578725196968,1.32736980337418e-68
"SPINT2",-0.122496120555284,1.63534620361443e-68
"PKD1",-0.122403967507232,2.06361332180093e-68
"LPIN3",-0.122377428528605,2.2065107213459e-68
"LAMB4",-0.12234863354168,2.37272976655527e-68
"MTURN",-0.122334476940929,2.45896719370019e-68
"SDC4",-0.122326242023917,2.51056145129527e-68
"PITPNM3",-0.122243521346611,3.09260483428373e-68
"NOL3",-0.122231098874715,3.19093370413814e-68
"FMO5",-0.122195869126745,3.48706796987143e-68
"CSTA",-0.122154077344186,3.87406942773007e-68
"S100A1",-0.122149527409234,3.91870546440938e-68
"SOX10",-0.122115757214055,4.26641826339533e-68
"LMOD1",-0.122109222421336,4.33717237875331e-68
"EFS",-0.12202433893017,5.36980112375634e-68
"AJUBA",-0.121956668158445,6.36581798431862e-68
"GFRA1",-0.121835334632677,8.63464571574419e-68
"CLDN5",-0.1217912168499,9.64604301213328e-68
"CERS3",-0.121746601180852,1.0788935816411e-67
"PPP1R14C",-0.121734583814264,1.11192110429244e-67
"IDE",-0.121733631910144,1.1145799073476e-67
"TSKU",-0.121539899460578,1.81149784626851e-67
"KRT78",-0.12152529903404,1.87897124993147e-67
"FLG",-0.121391999522855,2.62320823992288e-67
"LONRF1",-0.121365197923468,2.80510863468167e-67
"BMP7",-0.121349915674624,2.91440015184508e-67
"DOK4",-0.121316894963746,3.16525565862238e-67
"SERPINB12",-0.12127702676916,3.49696499296231e-67
"LGALS7",-0.121192563421442,4.31856989350879e-67
"EZR",-0.121111306653479,5.28990165752609e-67
"RETSAT",-0.121072136619122,5.83308786100124e-67
"CTSF",-0.120987845585163,7.19783904232972e-67
"BOK",-0.12098729263851,7.2077690885609e-67
"ABLIM1",-0.120896982426178,9.02717319032297e-67
"FAM83B",-0.120766038770003,1.25069470220348e-66
"TCHH",-0.120634718520198,1.73380575685827e-66
"KLK8",-0.120544794129081,2.16792200067216e-66
"CPEB2",-0.120435991526631,2.84027641556849e-66
"EPB41L4B",-0.120416577882957,2.98045161562938e-66
"KCTD1",-0.120259330094968,4.40165414238409e-66
"PLEKHH1",-0.120217447857595,4.88291379034013e-66
"IRX3",-0.120204337845184,5.04407412121406e-66
"KIAA1324",-0.120023823009514,7.88498452534554e-66
"LLGL2",-0.119924262297105,1.00851476185758e-65
"PLS3",-0.119883614578381,1.11504587632021e-65
"TGM3",-0.119791335865396,1.40036553451865e-65
"COL17A1",-0.119787289993386,1.41441854255017e-65
"RARG",-0.119752725493314,1.5403501422803e-65
"AADACL2",-0.119650249926496,1.98323667713798e-65
"SH3D19",-0.119647491775189,1.99676658026622e-65
"MMP28",-0.119550627803401,2.53502016494146e-65
"HSD11B2",-0.119485530286774,2.9757335719321e-65
"SOX21",-0.11938746992141,3.78776158756682e-65
"CAT",-0.119299240027168,4.70534099678465e-65
"EPB41L1",-0.119170959614711,6.44817742461805e-65
"UBC",-0.119144500354897,6.88088409732889e-65
"TM7SF2",-0.119122407471111,7.2642664661533e-65
"PDK3",-0.119098708478605,7.69921039234634e-65
"SPINK5",-0.119004752538527,9.69433839970986e-65
"IL17RE",-0.118942752981915,1.12852032571098e-64
"COBLL1",-0.118924702244136,1.17954811403055e-64
"MFAP3L",-0.118908217945437,1.22815340647797e-64
"PLEKHG5",-0.118811026779961,1.55811582987782e-64
"PMEPA1",-0.118698085658329,2.05393139764702e-64
"PCDH1",-0.11867751099314,2.15988912101498e-64
"NPY1R",-0.1186513073893,2.30275644281747e-64
"SERINC2",-0.118517663119355,3.19169246785727e-64
"OCLN",-0.118369303118111,4.58367375895656e-64
"DNASE1L2",-0.118240577513664,6.27249122565261e-64
"FAM83H",-0.118205571859274,6.83060685738547e-64
"TBX3",-0.11820516117784,6.83743999056453e-64
"FGFR2",-0.117927191850404,1.34416811109671e-63
"LGR4",-0.117896106573692,1.44956766924247e-63
"TINCR",-0.117826310679911,1.71719025392189e-63
"GSTM3",-0.117740251260385,2.11583766525899e-63
"WWC1",-0.11770002245304,2.33260040451348e-63
"CA6",-0.117634664309908,2.73291545043827e-63
"INSR",-0.11759807442933,2.98619386262829e-63
"RASD1",-0.11758963394867,3.047863235338e-63
"DGCR2",-0.117526616061077,3.55022174425516e-63
"AHDC1",-0.117515889998005,3.64359217698659e-63
"EPCAM",-0.11750446684905,3.74572251610253e-63
"ACAD9",-0.11738796246526,4.96494904108126e-63
"AACS",-0.117351661258745,5.42027335476309e-63
"GJB3",-0.117314239710109,5.93322807848454e-63
"FXYD1",-0.117289984119445,6.29126275331576e-63
"NMU",-0.117148072074759,8.86158710441463e-63
"ITGB5",-0.117142725490586,8.9766236115469e-63
"CD207",-0.116902791395045,1.6003624904598e-62
"F3",-0.116873560062572,1.71701776428409e-62
"GAL",-0.116860127348451,1.77342901056494e-62
"TGM5",-0.116805877596048,2.02067026384671e-62
"RALBP1",-0.116783494942109,2.1324243799062e-62
"ARG1",-0.11665507127035,2.90349417711543e-62
"LRATD1",-0.116595008685511,3.35399196168534e-62
"FAT2",-0.115846412675425,2.01156267597396e-61
"SDR16C5",-0.115832318596723,2.08032737889863e-61
"FAM13A",-0.115774321015226,2.38882497129904e-61
"MYO6",-0.115695351294618,2.88338685645274e-61
"ACER1",-0.115600503226378,3.61391046559762e-61
"PALM",-0.115583657125114,3.76173292145117e-61
"KIT",-0.115553178211882,4.04465573562557e-61
"PTK6",-0.115212892847226,9.07654200926851e-61
"ATP13A4",-0.115038408133777,1.37249161955369e-60
"C7",-0.115006510225353,1.48016722677945e-60
"ALDH3A1",-0.114943020010144,1.72016891913855e-60
"THRA",-0.114887117536246,1.96336799926828e-60
"BAIAP2",-0.114879222368549,2.0003703159057e-60
"SPTLC3",-0.114584510649537,4.01223424526558e-60
"SH3YL1",-0.114528256587235,4.58135797884212e-60
"CHMP4C",-0.114510228098122,4.78024894327173e-60
"ALDH3B2",-0.114467669507829,5.28454047792617e-60
"HID1",-0.114387842828792,6.37766313489516e-60
"CYP3A5",-0.114356645667615,6.86368326145688e-60
"SEMA3C",-0.114349666532439,6.97736458465297e-60
"VWF",-0.114257636841232,8.6641133315441e-60
"ZG16B",-0.114226692199118,9.31804796229386e-60
"IGF1R",-0.114108338021936,1.2305756582964e-59
"IMPA2",-0.114020791934548,1.5113643980459e-59
"FAM83G",-0.114002461219976,1.57779331308373e-59
"SLC16A10",-0.11397529752185,1.68161721704364e-59
"ALDH9A1",-0.113945670500255,1.80262916269697e-59
"PLXNB1",-0.113944336337562,1.80827815228864e-59
"FZD4",-0.113918227091257,1.92244620132523e-59
"SPTBN1",-0.113815437715738,2.44608658139405e-59
"OAT",-0.113660946802587,3.51179867073837e-59
"ASAP2",-0.113650856231334,3.59567371962822e-59
"ADGRA2",-0.113545049539332,4.60479018959359e-59
"HBA2",-0.11345569877978,5.67350843748715e-59
"CTDSPL",-0.113432995541031,5.98234452686527e-59
"SLC13A2",-0.113346934975616,7.31289002283808e-59
"CDH1",-0.113137641822256,1.19100815411643e-58
"ESPN",-0.113034758558429,1.51320152320133e-58
"TMEM79",-0.112992009840163,1.67137424731275e-58
"FAM83C",-0.112811973614636,2.53939858636075e-58
"MRAS",-0.112725775107072,3.10170900875996e-58
"SLC2A1",-0.112720403169,3.14059988523118e-58
"CRIM1",-0.112632095125567,3.85420082439531e-58
"H3F3B",-0.112587235426106,4.27640285908838e-58
"PHLDB2",-0.112472002040058,5.58417571799372e-58
"TMEM184A",-0.112448348352125,5.89835143752967e-58
"PLEKHA1",-0.112360217678045,7.23195513222908e-58
"ADD3",-0.112277701258706,8.75139686646989e-58
"BEX3",-0.112227014891639,9.83831073713834e-58
"ASAP3",-0.112126955533078,1.23942661183763e-57
"RDH12",-0.112114953728371,1.27422289285876e-57
"C2orf72",-0.112112055837686,1.28276942107204e-57
"ABCA12",-0.112086342986487,1.36114744097464e-57
"PGRMC1",-0.112067959566467,1.42009096211821e-57
"FAM160A1",-0.112064529463072,1.43136723364574e-57
"RHOD",-0.112014010706784,1.60815607217847e-57
"CA12",-0.111991614887125,1.69333336143487e-57
"SPRY1",-0.111839058966763,2.40603928622302e-57
"LY6D",-0.11172768993572,3.10843131086546e-57
"EN1",-0.111703054329123,3.2895219515007e-57
"NOTCH3",-0.111678286245639,3.48217810249259e-57
"ESRP2",-0.111664970187382,3.59035927885633e-57
"PDLIM2",-0.111465763293851,5.67174374246814e-57
"PAWR",-0.111395504607111,6.66296718812578e-57
"PLCB4",-0.111237725500523,9.56296271257872e-57
"BBOX1",-0.111150737401848,1.16684398933142e-56
"MFSD11",-0.111067685082301,1.41077859822115e-56
"PIGT",-0.111043711491279,1.49020424880649e-56
"MACROD1",-0.110683939058531,3.38524281927534e-56
"PER1",-0.110658224858429,3.58933468136453e-56
"SERPINB7",-0.110586484790272,4.22583950807502e-56
"IFFO2",-0.110530903827904,4.79523870500378e-56
"KIF1C",-0.110324675127957,7.6604941273849e-56
"COL6A2",-0.110310349393069,7.91361480428326e-56
"LIFR",-0.110288003383578,8.32517462748559e-56
"CYBRD1",-0.110278957974825,8.4977681318414e-56
"MPRIP",-0.11017302452682,1.08047584488429e-55
"DUOX1",-0.110132550023653,1.18424742735785e-55
"CNN3",-0.110125515910039,1.20326859862455e-55
"RAB40C",-0.110067250263342,1.3729882523638e-55
"ST6GALNAC2",-0.110058743349089,1.39968654787323e-55
"FAM114A1",-0.110008905523329,1.56681585252385e-55
"VPS13D",-0.109904529598078,1.98398901025184e-55
"KCNIP2",-0.109837614583988,2.3078801447856e-55
"WLS",-0.109727768617148,2.95756188264237e-55
"MAOA",-0.109723922588666,2.98334492679064e-55
"PKP3",-0.109714310760491,3.04876375228221e-55
"MCUR1",-0.109707260389168,3.09765556208213e-55
"NCCRP1",-0.109690996397841,3.21343922988085e-55
"IGSF3",-0.109661512852744,3.43443007355939e-55
"PDZD2",-0.109580851183657,4.11943239602403e-55
"PTK2",-0.109475322382054,5.22492941610764e-55
"SIK2",-0.109428697756637,5.80313892850202e-55
"COL5A1",-0.109373305546644,6.57342158913502e-55
"RHPN2",-0.109297406667244,7.79675029523682e-55
"MCAM",-0.109167299068072,1.04436875381184e-54
"SLC25A4",-0.108989462579262,1.55636912362504e-54
"STAP2",-0.108861865042103,2.07132762766923e-54
"TPRG1",-0.108834059200354,2.20435098869568e-54
"TENT5B",-0.108829427771925,2.22731986903429e-54
"WFDC3",-0.10880298490008,2.36309883332323e-54
"MAP7",-0.10867246470962,3.16401767364474e-54
"PPARG",-0.108658674021654,3.26304412568291e-54
"EPHX2",-0.108608782670701,3.64778098837913e-54
"PALLD",-0.108591366490034,3.79246029961963e-54
"GPC3",-0.108476781504549,4.8976824050406e-54
"SORBS2",-0.108401373271906,5.79455902236389e-54
"ACAT1",-0.108393082739937,5.90263981916297e-54
"ACPP",-0.108307096633597,7.14909210396637e-54
"HOOK2",-0.108295503270622,7.33608071021256e-54
"EPHX3",-0.108293382949917,7.37080230128607e-54
"ACSBG1",-0.108286769228708,7.48016094252727e-54
"PTPRS",-0.108265706117815,7.83932358976e-54
"EBF1",-0.108216102630279,8.75444013621075e-54
"EFEMP1",-0.108175353137151,9.58523252086554e-54
"SLC25A23",-0.108170469761741,9.68992047783574e-54
"ITGB1BP1",-0.108132600892014,1.05413420221719e-53
"LRP4",-0.108113877880097,1.09894192772734e-53
"ADCY6",-0.108074013037875,1.20076336506412e-53
"SH3BGRL2",-0.108052205512311,1.26038366886013e-53
"SPPL3",-0.108043190638856,1.28588255701192e-53
"TOM1L1",-0.10802634731634,1.33490885551204e-53
"MYO1C",-0.107950799872747,1.5787289291711e-53
"HILPDA",-0.107928615676996,1.65840878246207e-53
"MAB21L4",-0.107905167916033,1.74698328342281e-53
"MYO18A",-0.107860800348352,1.92767218755461e-53
"ALOXE3",-0.107844486399828,1.99869173079997e-53
"SLURP2",-0.107762078270294,2.39927259913745e-53
"SUN1",-0.107755776508584,2.43300905833427e-53
"PIK3C2G",-0.107735452829157,2.54506323217606e-53
"KRTDAP",-0.1077202801504,2.63205429755851e-53
"LYPD5",-0.107709133717549,2.69784188796833e-53
"ITGA7",-0.107684801945423,2.8471941594627e-53
"RNF225",-0.107616941810122,3.30865773547277e-53
"CCL14",-0.107507621724746,4.21361414815192e-53
"ARHGEF28",-0.107465746330861,4.62218964633294e-53
"PPP2R3A",-0.107456358532209,4.71906773944897e-53
"MATN4",-0.107299758319196,6.66823105154392e-53
"CGNL1",-0.107258501171766,7.3035267073324e-53
"IGSF8",-0.107171818889919,8.84135908055938e-53
"OLFML2A",-0.107138167861716,9.52175342685162e-53
"CBLC",-0.107126900410772,9.76102747193154e-53
"ZNF219",-0.106973473154039,1.36820683770781e-52
"PRSS8",-0.106957904533368,1.41586349690226e-52
"GABRP",-0.106904814466151,1.59115075398226e-52
"PTPRZ1",-0.10689834673688,1.61393082636621e-52
"CES4A",-0.106823142045193,1.90388890459376e-52
"HSPA1A",-0.106782687699751,2.08075042639848e-52
"CCNL2",-0.106716972599287,2.4035664790464e-52
"NGEF",-0.106665310922489,2.69196768339598e-52
"SRPX",-0.10639276247348,4.88993938876957e-52
"CIDEA",-0.10595134323714,1.28153652707135e-51
"UQCRQ",-0.105745128045364,2.00724634531451e-51
"STK32A",-0.105637072544815,2.53838501699562e-51
"SLC26A2",-0.105498275424398,3.43056621881065e-51
"CERS4",-0.105440927866026,3.88473753258279e-51
"SEPTIN8",-0.105363126648417,4.59799208077043e-51
"CWH43",-0.10536299288585,4.59932431959462e-51
"LMO7",-0.105345281343699,4.77916380472492e-51
"CGN",-0.105116886197904,7.83259178721757e-51
"SERPINB2",-0.105055504026614,8.94308192400195e-51
"RCAN2",-0.105002318264646,1.00311893402522e-50
"ARHGAP40",-0.104897736261435,1.25698597005638e-50
"KPRP",-0.104875978940537,1.31735072738789e-50
"GDPD2",-0.104752254227011,1.71973371671614e-50
"TANC1",-0.104626596024925,2.25365939226057e-50
"GSE1",-0.104419784817685,3.51432196462994e-50
"HTRA1",-0.104294139318457,4.60128297669506e-50
"PPP1CB",-0.104258834504407,4.96294308566869e-50
"GATA3",-0.10416364248664,6.08533048313203e-50
"ALOX12B",-0.104098424544754,6.99682034912319e-50
"PLA2G4B",-0.104080412642512,7.27168463754757e-50
"ACTN4",-0.104080267545351,7.27394192553615e-50
"DVL1",-0.104060902601686,7.58154844595412e-50
"VIPR1",-0.104057437335399,7.63794348636281e-50
"PDE9A",-0.104049390576206,7.77051532711969e-50
"PTGS1",-0.10404934542148,7.77126568540073e-50
"TMEM8B",-0.104023526858428,8.21233456331315e-50
"SPARCL1",-0.103775458139996,1.39480600034296e-49
"IGFBP3",-0.103686380123238,1.68649397157575e-49
"DUSP7",-0.103678067388434,1.71663239029142e-49
"FRZB",-0.103667944454132,1.75405863453695e-49
"GSDMA",-0.103466659142597,2.69216795096223e-49
"TRPS1",-0.103454147491768,2.76474578122715e-49
"GGT2",-0.103410004868623,3.03671812103361e-49
"EXT1",-0.103374825455826,3.27240434977013e-49
"CAST",-0.103358327328951,3.38912098789795e-49
"KLK7",-0.103288150757668,3.93368866868359e-49
"PDLIM5",-0.103160729792658,5.1545020683337e-49
"PLSCR4",-0.103109481987362,5.74589200832296e-49
"NFIA",-0.103088840568328,6.00274684792233e-49
"LCE5A",-0.103011817408374,7.06621008425987e-49
"GAB1",-0.102974461449237,7.64755665058413e-49
"BOC",-0.102847645992704,9.99982816629659e-49
"SH3BP4",-0.102841653150846,1.0127281625457e-48
"GRHL3",-0.102704782938383,1.35215595423818e-48
"BCL2L2",-0.102659008245748,1.48926648281457e-48
"MGST3",-0.102643315888768,1.53938676180267e-48
"NGFR",-0.102641889677132,1.5440243675725e-48
"FAM189A2",-0.10261579671672,1.63136794897939e-48
"DAG1",-0.102573772599325,1.78249225748953e-48
"MGP",-0.102422833044362,2.44957530180621e-48
"WNT4",-0.102368202083655,2.74796098848524e-48
"EFHD1",-0.102294821906941,3.2064189252057e-48
"CAB39L",-0.102139523272615,4.44300041405548e-48
"ARHGAP32",-0.10213686247288,4.46788012408673e-48
"EPS8L1",-0.10206132683279,5.23505233551743e-48
"TP63",-0.102030966551989,5.57914130799447e-48
"PARVA",-0.101973061786088,6.29901828042357e-48
"FZD7",-0.101927904407389,6.92396025107e-48
"RBP7",-0.101864515655056,7.90662434280754e-48
"SSC5D",-0.101666630291215,1.19587558048194e-47
"GPT2",-0.101618914518005,1.32118198037389e-47
"NOVA1",-0.101577906908446,1.43925842813273e-47
"GLTP",-0.10154394976331,1.54494034934029e-47
"ATP2C2",-0.10153675940989,1.56829040088343e-47
"LUC7L3",-0.101517006144742,1.63426088961715e-47
"LDOC1",-0.101405095111213,2.06365685231169e-47
"COL7A1",-0.101352431312173,2.30290669241319e-47
"GPRIN2",-0.101281184737916,2.6710686959492e-47
"REXO2",-0.101187467386155,3.24592271416512e-47
"SCARA5",-0.101169287441275,3.37093670967489e-47
"PLCH2",-0.101098410573356,3.90578271790267e-47
"ABCA9",-0.101066397590205,4.17427369274068e-47
"PDE2A",-0.100940875481809,5.41628376160079e-47
"FN3K",-0.100929501681344,5.54554777763588e-47
"MYO5B",-0.100894165766167,5.96705309391848e-47
"CCDC8",-0.100872145871734,6.24568807425952e-47
"SEMA3B",-0.100859086531853,6.4170157184816e-47
"ZDHHC3",-0.100738911091916,8.23025553199971e-47
"JDP2",-0.100738436063954,8.23835076416792e-47
"ELF5",-0.100633414782259,1.02372764431901e-46
"GGH",-0.100619830878527,1.05288282857973e-46
"FZD1",-0.100602598935295,1.09105957590094e-46
"CEP170B",-0.100564348680751,1.18079528448482e-46
"RASAL1",-0.100562346890643,1.18568867666591e-46
"EHF",-0.100504076316917,1.33732458318587e-46
"PRXL2A",-0.1004754452063,1.41875191894285e-46
"ARPC1A",-0.100442052713907,1.51997218936204e-46
"CALML5",-0.100251721760969,2.25026859988769e-46
"KLK10",-0.100249345673064,2.26130711834774e-46
"MYL12B",-0.100200009934962,2.50307739853592e-46
"HSPA2",-0.1001929527087,2.5397026491595e-46
"HSPB7",-0.100184623287701,2.58361696266758e-46
"LRP5",-0.100156992069412,2.73477637570687e-46
"NME4",-0.100144667680574,2.80500577574299e-46
"GSTA4",-0.100000129193155,3.77552930452802e-46
